{"id":"4399976d-0477-47e4-a0e8-b8f9c6123030","revision":0,"last_node_id":994,"last_link_id":1779,"nodes":[{"id":878,"type":"easy compare","pos":[1760,80],"size":[270,78],"flags":{"collapsed":true,"pinned":true},"order":59,"mode":0,"inputs":[{"localized_name":"a","name":"a","shape":7,"type":"*","link":1493},{"localized_name":"b","name":"b","shape":7,"type":"*","link":1494},{"localized_name":"comparison","name":"comparison","shape":7,"type":"COMBO","widget":{"name":"comparison"},"link":null}],"outputs":[{"localized_name":"boolean","name":"boolean","type":"BOOLEAN","links":[1497]}],"title":"Compare Sides","properties":{"cnr_id":"comfyui-easy-use","ver":"1.3.4","Node name for S&R":"easy compare"},"widgets_values":["a < b"],"color":"#223","bgcolor":"#335"},{"id":694,"type":"Image Comparer (rgthree)","pos":[1760,1470],"size":[500,800],"flags":{"pinned":true},"order":69,"mode":0,"inputs":[{"dir":3,"name":"image_a","shape":7,"type":"IMAGE","link":1682},{"dir":3,"name":"image_b","shape":7,"type":"IMAGE","link":1640}],"outputs":[],"title":"Before | After: Film Grain","properties":{"cnr_id":"rgthree-comfy","ver":"1.0.2508012353","comparer_mode":"Slide","Node name for S&R":"Image Comparer (rgthree)"},"widgets_values":[[{"name":"A","selected":true,"url":"/api/view?filename=rgthree.compare._temp_idpyo_00205_.png&type=temp&subfolder=&rand=0.9048212510236338"},{"name":"B","selected":true,"url":"/api/view?filename=rgthree.compare._temp_idpyo_00206_.png&type=temp&subfolder=&rand=0.5029330272746945"}]],"color":"#323","bgcolor":"#535"},{"id":621,"type":"ImageBlend","pos":[1980,1240],"size":[280,110],"flags":{"pinned":true},"order":68,"mode":0,"inputs":[{"localized_name":"image1","name":"image1","type":"IMAGE","link":1681},{"localized_name":"image2","name":"image2","type":"IMAGE","link":967},{"localized_name":"blend_factor","name":"blend_factor","type":"FLOAT","widget":{"name":"blend_factor"},"link":null},{"localized_name":"blend_mode","name":"blend_mode","type":"COMBO","widget":{"name":"blend_mode"},"link":null}],"outputs":[{"localized_name":"IMAGE","name":"IMAGE","type":"IMAGE","links":[1640,1770]}],"title":"Strength Film Grain (1.0 = 100%)","properties":{"cnr_id":"comfy-core","ver":"0.3.44","Node name for S&R":"ImageBlend"},"widgets_values":[0.5,"normal"],"color":"#323","bgcolor":"#535"},{"id":885,"type":"SeedVR2LoadVAEModel","pos":[1760,670],"size":[253.2478240966797,298],"flags":{"pinned":true},"order":0,"mode":0,"inputs":[{"localized_name":"torch_compile_args","name":"torch_compile_args","shape":7,"type":"TORCH_COMPILE_ARGS","link":null},{"localized_name":"model","name":"model","type":"COMBO","widget":{"name":"model"},"link":null},{"localized_name":"device","name":"device","type":"COMBO","widget":{"name":"device"},"link":null},{"localized_name":"encode_tiled","name":"encode_tiled","shape":7,"type":"BOOLEAN","widget":{"name":"encode_tiled"},"link":null},{"localized_name":"encode_tile_size","name":"encode_tile_size","shape":7,"type":"INT","widget":{"name":"encode_tile_size"},"link":null},{"localized_name":"encode_tile_overlap","name":"encode_tile_overlap","shape":7,"type":"INT","widget":{"name":"encode_tile_overlap"},"link":null},{"localized_name":"decode_tiled","name":"decode_tiled","shape":7,"type":"BOOLEAN","widget":{"name":"decode_tiled"},"link":null},{"localized_name":"decode_tile_size","name":"decode_tile_size","shape":7,"type":"INT","widget":{"name":"decode_tile_size"},"link":null},{"localized_name":"decode_tile_overlap","name":"decode_tile_overlap","shape":7,"type":"INT","widget":{"name":"decode_tile_overlap"},"link":null},{"localized_name":"tile_debug","name":"tile_debug","shape":7,"type":"COMBO","widget":{"name":"tile_debug"},"link":null},{"localized_name":"offload_device","name":"offload_device","shape":7,"type":"COMBO","widget":{"name":"offload_device"},"link":null},{"localized_name":"cache_model","name":"cache_model","shape":7,"type":"BOOLEAN","widget":{"name":"cache_model"},"link":null}],"outputs":[{"localized_name":"SEEDVR2_VAE","name":"SEEDVR2_VAE","type":"SEEDVR2_VAE","links":[1510]}],"properties":{"cnr_id":"seedvr2_videoupscaler","ver":"690cc39379c1481159ddd451368dbf2295930fc6","Node name for S&R":"SeedVR2LoadVAEModel","aux_id":"ainvfx/ComfyUI-SeedVR2_VideoUpscaler","enableTabs":false,"tabWidth":65,"tabXOffset":10,"hasSecondTab":false,"secondTabText":"Send Back","secondTabOffset":80,"secondTabWidth":65,"widget_ue_connectable":{"model":true,"device":true,"encode_tiled":true,"encode_tile_size":true,"encode_tile_overlap":true,"decode_tiled":true,"decode_tile_size":true,"decode_tile_overlap":true,"tile_debug":true,"offload_device":true,"cache_model":true}},"widgets_values":["ema_vae_fp16.safetensors","cuda:0",false,1024,128,false,1024,128,"false","cpu",true],"color":"#223","bgcolor":"#335"},{"id":911,"type":"easy float","pos":[1760,180],"size":[500,60],"flags":{"pinned":true},"order":1,"mode":0,"inputs":[{"localized_name":"value","name":"value","type":"FLOAT","widget":{"name":"value"},"link":null}],"outputs":[{"localized_name":"float","name":"float","type":"FLOAT","links":[1632]}],"title":"Source Image Megapixels (default 0.27)","properties":{"cnr_id":"comfyui-easy-use","ver":"1.3.4","Node name for S&R":"easy float"},"widgets_values":[0.27],"color":"#223","bgcolor":"#335"},{"id":892,"type":"SeedVR2LoadDiTModel","pos":[1760,410],"size":[250,202],"flags":{"pinned":true},"order":2,"mode":0,"inputs":[{"localized_name":"torch_compile_args","name":"torch_compile_args","shape":7,"type":"TORCH_COMPILE_ARGS","link":null},{"localized_name":"model","name":"model","type":"COMBO","widget":{"name":"model"},"link":null},{"localized_name":"device","name":"device","type":"COMBO","widget":{"name":"device"},"link":null},{"localized_name":"blocks_to_swap","name":"blocks_to_swap","shape":7,"type":"INT","widget":{"name":"blocks_to_swap"},"link":null},{"localized_name":"swap_io_components","name":"swap_io_components","shape":7,"type":"BOOLEAN","widget":{"name":"swap_io_components"},"link":null},{"localized_name":"offload_device","name":"offload_device","shape":7,"type":"COMBO","widget":{"name":"offload_device"},"link":null},{"localized_name":"cache_model","name":"cache_model","shape":7,"type":"BOOLEAN","widget":{"name":"cache_model"},"link":null},{"localized_name":"attention_mode","name":"attention_mode","shape":7,"type":"COMBO","widget":{"name":"attention_mode"},"link":null}],"outputs":[{"localized_name":"SEEDVR2_DIT","name":"SEEDVR2_DIT","type":"SEEDVR2_DIT","links":[1509]}],"properties":{"cnr_id":"seedvr2_videoupscaler","ver":"690cc39379c1481159ddd451368dbf2295930fc6","Node name for S&R":"SeedVR2LoadDiTModel","aux_id":"ainvfx/ComfyUI-SeedVR2_VideoUpscaler","enableTabs":false,"tabWidth":65,"tabXOffset":10,"hasSecondTab":false,"secondTabText":"Send Back","secondTabOffset":80,"secondTabWidth":65,"widget_ue_connectable":{"model":true,"device":true,"blocks_to_swap":true,"swap_io_components":true,"offload_device":true,"cache_model":true,"attention_mode":true}},"widgets_values":["seedvr2_ema_7b_fp16.safetensors","cuda:0",0,false,"cpu",true,"sdpa"],"color":"#223","bgcolor":"#335"},{"id":620,"type":"FastFilmGrain","pos":[1760,1240],"size":[210,110],"flags":{"pinned":true},"order":67,"mode":0,"inputs":[{"localized_name":"images","name":"images","type":"IMAGE","link":1680},{"localized_name":"grain_intensity","name":"grain_intensity","type":"FLOAT","widget":{"name":"grain_intensity"},"link":null},{"localized_name":"saturation_mix","name":"saturation_mix","type":"FLOAT","widget":{"name":"saturation_mix"},"link":null},{"localized_name":"batch_size","name":"batch_size","type":"INT","widget":{"name":"batch_size"},"link":null}],"outputs":[{"localized_name":"IMAGE","name":"IMAGE","type":"IMAGE","links":[967]}],"properties":{"aux_id":"vrgamegirl19/comfyui-vrgamedevgirl","ver":"0.1.0","Node name for S&R":"FastFilmGrain","cnr_id":"comfyui-aspect-ratio-crop-node","widget_ue_connectable":{}},"widgets_values":[0.020000000000000004,0.5000000000000001,1],"color":"#323","bgcolor":"#535"},{"id":655,"type":"MarkdownNote","pos":[1980,1080],"size":[280,90],"flags":{"collapsed":false,"pinned":true},"order":3,"mode":0,"inputs":[],"outputs":[],"title":"💡Defaults","properties":{},"widgets_values":["**Grain Intensity:** 0.02 | **Blend Factor:** 0.50  \n**Saturation Mix:** 0.50 | **Blend Mode:** normal"],"color":"#323","bgcolor":"#535"},{"id":611,"type":"KSampler","pos":[10,710],"size":[600,640],"flags":{"pinned":true},"order":42,"mode":0,"inputs":[{"localized_name":"model","name":"model","type":"MODEL","link":1649},{"localized_name":"positive","name":"positive","type":"CONDITIONING","link":1281},{"localized_name":"negative","name":"negative","type":"CONDITIONING","link":1642},{"localized_name":"latent_image","name":"latent_image","type":"LATENT","link":1283},{"localized_name":"seed","name":"seed","type":"INT","widget":{"name":"seed"},"link":null},{"localized_name":"steps","name":"steps","type":"INT","widget":{"name":"steps"},"link":null},{"localized_name":"cfg","name":"cfg","type":"FLOAT","widget":{"name":"cfg"},"link":null},{"localized_name":"sampler_name","name":"sampler_name","type":"COMBO","widget":{"name":"sampler_name"},"link":null},{"localized_name":"scheduler","name":"scheduler","type":"COMBO","widget":{"name":"scheduler"},"link":null},{"localized_name":"denoise","name":"denoise","type":"FLOAT","widget":{"name":"denoise"},"link":null}],"outputs":[{"localized_name":"LATENT","name":"LATENT","type":"LATENT","slot_index":0,"links":[1296,1654]}],"title":"🖼️KSampler","properties":{"cnr_id":"comfy-core","ver":"0.3.18","Node name for S&R":"KSampler"},"widgets_values":[1,"increment",30,1,"sa_solver","simple",1],"color":"#2a363b","bgcolor":"#3f5159"},{"id":8,"type":"VAEDecode","pos":[450,20],"size":[310,50],"flags":{"collapsed":true,"pinned":true},"order":43,"mode":0,"inputs":[{"localized_name":"samples","name":"samples","type":"LATENT","link":1296},{"localized_name":"vae","name":"vae","type":"VAE","link":888}],"outputs":[{"localized_name":"IMAGE","name":"IMAGE","type":"IMAGE","slot_index":0,"links":[1000,1678,1732,1743,1750,1764]}],"title":"Image","properties":{"cnr_id":"comfy-core","ver":"0.3.18","Node name for S&R":"VAEDecode"},"widgets_values":[],"color":"#2a363b","bgcolor":"#3f5159"},{"id":637,"type":"PreviewImage","pos":[-440,1470],"size":[500,800],"flags":{"pinned":true},"order":45,"mode":0,"inputs":[{"localized_name":"images","name":"images","type":"IMAGE","link":1000}],"outputs":[],"title":"Start Image","properties":{"cnr_id":"comfy-core","ver":"0.3.49","Node name for S&R":"PreviewImage"},"widgets_values":[],"color":"#2a363b","bgcolor":"#3f5159"},{"id":920,"type":"MarkdownNote","pos":[2030,410],"size":[230,110],"flags":{"collapsed":false,"pinned":true},"order":4,"mode":0,"inputs":[],"outputs":[],"title":"💡Defaults","properties":{},"widgets_values":["**DiT model:** seedvr2_ema_7b_fp16"],"color":"#223","bgcolor":"#335"},{"id":549,"type":"UNETLoader","pos":[-440,20],"size":[430,82],"flags":{"pinned":true},"order":5,"mode":0,"inputs":[{"localized_name":"unet_name","name":"unet_name","type":"COMBO","widget":{"name":"unet_name"},"link":null},{"localized_name":"weight_dtype","name":"weight_dtype","type":"COMBO","widget":{"name":"weight_dtype"},"link":null}],"outputs":[{"localized_name":"MODEL","name":"MODEL","type":"MODEL","slot_index":0,"links":[1647]}],"title":"Load safetensors Model","properties":{"cnr_id":"comfy-core","ver":"0.3.36","Node name for S&R":"UNETLoader","models":[{"name":"wan2.1_i2v_480p_14B_fp16.safetensors","url":"https://huggingface.co/Comfy-Org/Wan_2.1_ComfyUI_repackaged/resolve/main/split_files/diffusion_models/wan2.1_i2v_480p_14B_fp16.safetensors?download=true","directory":"diffusion_models"}],"widget_ue_connectable":{}},"widgets_values":["zImage_turbo.safetensors","default"],"color":"#432","bgcolor":"#653"},{"id":550,"type":"CLIPLoader","pos":[-440,150],"size":[430,110],"flags":{"pinned":true},"order":6,"mode":0,"inputs":[{"localized_name":"clip_name","name":"clip_name","type":"COMBO","widget":{"name":"clip_name"},"link":null},{"localized_name":"type","name":"type","type":"COMBO","widget":{"name":"type"},"link":null},{"localized_name":"device","name":"device","shape":7,"type":"COMBO","widget":{"name":"device"},"link":null}],"outputs":[{"localized_name":"CLIP","name":"CLIP","type":"CLIP","slot_index":0,"links":[1309]}],"properties":{"cnr_id":"comfy-core","ver":"0.3.36","Node name for S&R":"CLIPLoader","models":[{"name":"umt5_xxl_fp8_e4m3fn_scaled.safetensors","url":"https://huggingface.co/Comfy-Org/Wan_2.1_ComfyUI_repackaged/resolve/main/split_files/text_encoders/umt5_xxl_fp8_e4m3fn_scaled.safetensors?download=true","directory":"text_encoders"}],"widget_ue_connectable":{}},"widgets_values":["zImage_textEncoder.safetensors","lumina2","default"],"color":"#432","bgcolor":"#653"},{"id":365,"type":"VAELoader","pos":[-440,310],"size":[430,70],"flags":{"pinned":true},"order":7,"mode":0,"inputs":[{"localized_name":"vae_name","name":"vae_name","type":"COMBO","widget":{"name":"vae_name"},"link":null}],"outputs":[{"localized_name":"VAE","name":"VAE","type":"VAE","slot_index":0,"links":[888,1657,1754]}],"properties":{"cnr_id":"comfy-core","ver":"0.3.26","Node name for S&R":"VAELoader"},"widgets_values":["zImage_vae.safetensors"],"color":"#432","bgcolor":"#653"},{"id":782,"type":"EmptySD3LatentImage","pos":[-440,430],"size":[270,110],"flags":{"pinned":true},"order":8,"mode":0,"inputs":[{"localized_name":"width","name":"width","type":"INT","widget":{"name":"width"},"link":null},{"localized_name":"height","name":"height","type":"INT","widget":{"name":"height"},"link":null},{"localized_name":"batch_size","name":"batch_size","type":"INT","widget":{"name":"batch_size"},"link":null}],"outputs":[{"localized_name":"LATENT","name":"LATENT","type":"LATENT","links":[1283]}],"title":"Start Image Size","properties":{"cnr_id":"comfy-core","ver":"0.3.64","Node name for S&R":"EmptySD3LatentImage"},"widgets_values":[1152,1728,1],"color":"#432","bgcolor":"#653"},{"id":922,"type":"ModelPatchTorchSettings","pos":[-150,-170],"size":[248.28260803222656,60],"flags":{"pinned":true},"order":40,"mode":4,"inputs":[{"localized_name":"model","name":"model","type":"MODEL","link":1648},{"localized_name":"enable_fp16_accumulation","name":"enable_fp16_accumulation","type":"BOOLEAN","widget":{"name":"enable_fp16_accumulation"},"link":null}],"outputs":[{"localized_name":"MODEL","name":"MODEL","type":"MODEL","links":[1649,1651,1752]}],"properties":{"cnr_id":"comfyui-kjnodes","ver":"5dcda71011870278c35d92ff77a677ed2e538f2d","Node name for S&R":"ModelPatchTorchSettings","widget_ue_connectable":{}},"widgets_values":[true],"color":"#432","bgcolor":"#653"},{"id":921,"type":"PathchSageAttentionKJ","pos":[-430,-170],"size":[260,82],"flags":{"pinned":true},"order":38,"mode":4,"inputs":[{"localized_name":"model","name":"model","type":"MODEL","link":1650},{"localized_name":"sage_attention","name":"sage_attention","type":"COMBO","widget":{"name":"sage_attention"},"link":null},{"localized_name":"allow_compile","name":"allow_compile","shape":7,"type":"BOOLEAN","widget":{"name":"allow_compile"},"link":null}],"outputs":[{"localized_name":"MODEL","name":"MODEL","type":"MODEL","links":[1648]}],"properties":{"cnr_id":"comfyui-kjnodes","ver":"5dcda71011870278c35d92ff77a677ed2e538f2d","Node name for S&R":"PathchSageAttentionKJ","widget_ue_connectable":{}},"widgets_values":["auto",true],"color":"#432","bgcolor":"#653"},{"id":912,"type":"easy float","pos":[1760,290],"size":[500,60],"flags":{"pinned":true},"order":9,"mode":0,"inputs":[{"localized_name":"value","name":"value","type":"FLOAT","widget":{"name":"value"},"link":null}],"outputs":[{"localized_name":"float","name":"float","type":"FLOAT","links":[1633]}],"title":"Target Image Megapixels (1.7 to 8.85, 6.0 recommended)","properties":{"cnr_id":"comfyui-easy-use","ver":"1.3.4","Node name for S&R":"easy float"},"widgets_values":[6],"color":"#223","bgcolor":"#335"},{"id":930,"type":"VAEDecode","pos":[1000,20],"size":[310,50],"flags":{"collapsed":true,"pinned":true},"order":47,"mode":0,"inputs":[{"localized_name":"samples","name":"samples","type":"LATENT","link":1658},{"localized_name":"vae","name":"vae","type":"VAE","link":1657}],"outputs":[{"localized_name":"IMAGE","name":"IMAGE","type":"IMAGE","slot_index":0,"links":[1677,1744,1749,1763,1769]}],"title":"Image","properties":{"cnr_id":"comfy-core","ver":"0.3.18","Node name for S&R":"VAEDecode"},"widgets_values":[],"color":"#233","bgcolor":"#355"},{"id":879,"type":"LazySwitchKJ","pos":[1930,80],"size":[270,78],"flags":{"collapsed":true,"pinned":true},"order":61,"mode":0,"inputs":[{"localized_name":"on_false","name":"on_false","type":"*","link":1495},{"localized_name":"on_true","name":"on_true","type":"*","link":1496},{"localized_name":"switch","name":"switch","type":"BOOLEAN","widget":{"name":"switch"},"link":1497}],"outputs":[{"localized_name":"*","name":"*","type":"*","links":[1671]}],"title":"Shortest Side","properties":{"cnr_id":"comfyui-kjnodes","ver":"1.1.9","Node name for S&R":"LazySwitchKJ"},"widgets_values":[false],"color":"#223","bgcolor":"#335"},{"id":889,"type":"SeedVR2VideoUpscaler","pos":[2030,580],"size":[230,390],"flags":{"pinned":true},"order":64,"mode":0,"inputs":[{"localized_name":"image","name":"image","type":"IMAGE","link":1620},{"localized_name":"dit","name":"dit","type":"SEEDVR2_DIT","link":1509},{"localized_name":"vae","name":"vae","type":"SEEDVR2_VAE","link":1510},{"localized_name":"seed","name":"seed","type":"INT","widget":{"name":"seed"},"link":null},{"localized_name":"resolution","name":"resolution","type":"INT","widget":{"name":"resolution"},"link":1665},{"localized_name":"max_resolution","name":"max_resolution","type":"INT","widget":{"name":"max_resolution"},"link":null},{"localized_name":"batch_size","name":"batch_size","type":"INT","widget":{"name":"batch_size"},"link":null},{"localized_name":"uniform_batch_size","name":"uniform_batch_size","type":"BOOLEAN","widget":{"name":"uniform_batch_size"},"link":null},{"localized_name":"color_correction","name":"color_correction","type":"COMBO","widget":{"name":"color_correction"},"link":null},{"localized_name":"temporal_overlap","name":"temporal_overlap","shape":7,"type":"INT","widget":{"name":"temporal_overlap"},"link":null},{"localized_name":"prepend_frames","name":"prepend_frames","shape":7,"type":"INT","widget":{"name":"prepend_frames"},"link":null},{"localized_name":"input_noise_scale","name":"input_noise_scale","shape":7,"type":"FLOAT","widget":{"name":"input_noise_scale"},"link":null},{"localized_name":"latent_noise_scale","name":"latent_noise_scale","shape":7,"type":"FLOAT","widget":{"name":"latent_noise_scale"},"link":null},{"localized_name":"offload_device","name":"offload_device","shape":7,"type":"COMBO","widget":{"name":"offload_device"},"link":null},{"localized_name":"enable_debug","name":"enable_debug","shape":7,"type":"BOOLEAN","widget":{"name":"enable_debug"},"link":null}],"outputs":[{"localized_name":"IMAGE","name":"IMAGE","type":"IMAGE","links":[1644,1675,1761]}],"title":"SeedVR2 Video Upscaler","properties":{"cnr_id":"seedvr2_videoupscaler","ver":"690cc39379c1481159ddd451368dbf2295930fc6","Node name for S&R":"SeedVR2VideoUpscaler","aux_id":"ainvfx/ComfyUI-SeedVR2_VideoUpscaler","enableTabs":false,"tabWidth":65,"tabXOffset":10,"hasSecondTab":false,"secondTabText":"Send Back","secondTabOffset":80,"secondTabWidth":65,"widget_ue_connectable":{"seed":true,"resolution":true,"max_resolution":true,"batch_size":true,"uniform_batch_size":true,"color_correction":true,"temporal_overlap":true,"prepend_frames":true,"input_noise_scale":true,"latent_noise_scale":true,"offload_device":true,"enable_debug":true}},"widgets_values":[1,"fixed",3840,0,1,false,"lab",0,0,0,0,"cpu",false],"color":"#223","bgcolor":"#335"},{"id":934,"type":"easy mathInt","pos":[2170,80],"size":[270,106],"flags":{"collapsed":true,"pinned":true},"order":63,"mode":0,"inputs":[{"localized_name":"a","name":"a","type":"INT","widget":{"name":"a"},"link":1663},{"localized_name":"b","name":"b","type":"INT","widget":{"name":"b"},"link":null},{"localized_name":"operation","name":"operation","type":"COMBO","widget":{"name":"operation"},"link":null}],"outputs":[{"localized_name":"INT","name":"INT","type":"INT","links":[1665]}],"title":"*64","properties":{"cnr_id":"comfyui-easy-use","ver":"9947b8be70e17ceabafa4fa7f476b54626de4704","Node name for S&R":"easy mathInt"},"widgets_values":[0,64,"multiply"],"color":"#223","bgcolor":"#335"},{"id":887,"type":"ImageScaleToTotalPixels","pos":[1760,140],"size":[280,82],"flags":{"collapsed":true,"pinned":true},"order":56,"mode":0,"inputs":[{"localized_name":"image","name":"image","type":"IMAGE","link":1538},{"localized_name":"upscale_method","name":"upscale_method","type":"COMBO","widget":{"name":"upscale_method"},"link":null},{"localized_name":"megapixels","name":"megapixels","type":"FLOAT","widget":{"name":"megapixels"},"link":1632}],"outputs":[{"localized_name":"IMAGE","name":"IMAGE","type":"IMAGE","links":[1506]}],"title":"Resize","properties":{"cnr_id":"comfy-core","ver":"0.3.45","Node name for S&R":"ImageScaleToTotalPixels","enableTabs":false,"tabWidth":65,"tabXOffset":10,"hasSecondTab":false,"secondTabText":"Send Back","secondTabOffset":80,"secondTabWidth":65,"ue_properties":{"widget_ue_connectable":{},"version":"7.0.1"},"widget_ue_connectable":{}},"widgets_values":["bicubic",0.27],"color":"#223","bgcolor":"#335"},{"id":886,"type":"GetImageSize","pos":[1880,140],"size":[140,124],"flags":{"collapsed":true,"pinned":true},"order":58,"mode":0,"inputs":[{"localized_name":"image","name":"image","type":"IMAGE","link":1506}],"outputs":[{"localized_name":"width","name":"width","type":"INT","links":[1501]},{"localized_name":"height","name":"height","type":"INT","links":[1502]},{"localized_name":"batch_size","name":"batch_size","type":"INT","links":null}],"properties":{"cnr_id":"comfy-core","ver":"0.3.69","Node name for S&R":"GetImageSize"},"widgets_values":["width: 434, height: 652\n batch size: 1"],"color":"#223","bgcolor":"#335"},{"id":882,"type":"ImageResize+","pos":[2040,140],"size":[270,218],"flags":{"collapsed":true,"pinned":true},"order":60,"mode":0,"inputs":[{"localized_name":"image","name":"image","type":"IMAGE","link":1629},{"localized_name":"width","name":"width","type":"INT","widget":{"name":"width"},"link":1501},{"localized_name":"height","name":"height","type":"INT","widget":{"name":"height"},"link":1502},{"localized_name":"interpolation","name":"interpolation","type":"COMBO","widget":{"name":"interpolation"},"link":null},{"localized_name":"method","name":"method","type":"COMBO","widget":{"name":"method"},"link":null},{"localized_name":"condition","name":"condition","type":"COMBO","widget":{"name":"condition"},"link":null},{"localized_name":"multiple_of","name":"multiple_of","type":"INT","widget":{"name":"multiple_of"},"link":null}],"outputs":[{"localized_name":"IMAGE","name":"IMAGE","type":"IMAGE","links":[1620]},{"localized_name":"width","name":"width","type":"INT","links":[]},{"localized_name":"height","name":"height","type":"INT","links":[]}],"title":"Rezize","properties":{"cnr_id":"comfyui_essentials","ver":"1.1.0","Node name for S&R":"ImageResize+"},"widgets_values":[768,1152,"lanczos","fill / crop","always",2],"color":"#223","bgcolor":"#335"},{"id":928,"type":"ClownsharKSampler_Beta","pos":[660,710],"size":[240,642],"flags":{"pinned":true},"order":44,"mode":0,"inputs":[{"localized_name":"model","name":"model","shape":7,"type":"MODEL","link":1651},{"localized_name":"positive","name":"positive","shape":7,"type":"CONDITIONING","link":1652},{"localized_name":"negative","name":"negative","shape":7,"type":"CONDITIONING","link":1653},{"localized_name":"latent_image","name":"latent_image","shape":7,"type":"LATENT","link":1654},{"localized_name":"sigmas","name":"sigmas","shape":7,"type":"SIGMAS","link":null},{"localized_name":"guides","name":"guides","shape":7,"type":"GUIDES","link":null},{"localized_name":"options","name":"options","shape":7,"type":"OPTIONS","link":null},{"localized_name":"eta","name":"eta","type":"FLOAT","widget":{"name":"eta"},"link":null},{"localized_name":"sampler_name","name":"sampler_name","type":"COMBO","widget":{"name":"sampler_name"},"link":null},{"localized_name":"scheduler","name":"scheduler","type":"COMBO","widget":{"name":"scheduler"},"link":null},{"localized_name":"steps","name":"steps","type":"INT","widget":{"name":"steps"},"link":null},{"localized_name":"steps_to_run","name":"steps_to_run","type":"INT","widget":{"name":"steps_to_run"},"link":null},{"localized_name":"denoise","name":"denoise","type":"FLOAT","widget":{"name":"denoise"},"link":null},{"localized_name":"cfg","name":"cfg","type":"FLOAT","widget":{"name":"cfg"},"link":null},{"localized_name":"seed","name":"seed","type":"INT","widget":{"name":"seed"},"link":1779},{"localized_name":"sampler_mode","name":"sampler_mode","type":"COMBO","widget":{"name":"sampler_mode"},"link":null},{"localized_name":"bongmath","name":"bongmath","type":"BOOLEAN","widget":{"name":"bongmath"},"link":null}],"outputs":[{"localized_name":"output","name":"output","type":"LATENT","links":[1655]},{"localized_name":"denoised","name":"denoised","type":"LATENT","links":null},{"localized_name":"options","name":"options","type":"OPTIONS","links":null}],"properties":{"cnr_id":"RES4LYF","ver":"46de917234f9fef3f2ab411c41e07aa3c633f4f7","Node name for S&R":"ClownsharKSampler_Beta"},"widgets_values":[0.5,"multistep/res_2m","beta",30,10,1,1,100006,"fixed","unsample",true],"color":"#233","bgcolor":"#355"},{"id":914,"type":"MarkdownNote","pos":[140,-460],"size":[240,380],"flags":{"collapsed":false,"pinned":true},"order":10,"mode":0,"inputs":[],"outputs":[],"title":"💡Default Resolutions","properties":{},"widgets_values":["### Landscape\n| Format | Width x Height |\n|--------|----------------|\n| 16:9   | 1280 x 720     |\n| 3:2    | 1216 x 800     |\n| 4:3    | 1152 x 864    |\n\n### Square\n| Format | Width x Height |\n|--------|----------------|\n| 1:1    | 1024 x 1024    |\n\n### Portrait\n\n| Format | Width x Height |\n|--------|----------------|\n| 9:16   | 720 x 1280     |\n| 2:3    | 800 x 1216     |\n| 3:4    | 864 x 1152     |\n"],"color":"#222","bgcolor":"#000"},{"id":933,"type":"easy mathInt","pos":[2080,80],"size":[270,106],"flags":{"collapsed":true,"pinned":true},"order":62,"mode":0,"inputs":[{"localized_name":"a","name":"a","type":"INT","widget":{"name":"a"},"link":1671},{"localized_name":"b","name":"b","type":"INT","widget":{"name":"b"},"link":null},{"localized_name":"operation","name":"operation","type":"COMBO","widget":{"name":"operation"},"link":null}],"outputs":[{"localized_name":"INT","name":"INT","type":"INT","links":[1663]}],"title":"/64","properties":{"cnr_id":"comfyui-easy-use","ver":"9947b8be70e17ceabafa4fa7f476b54626de4704","Node name for S&R":"easy mathInt"},"widgets_values":[0,64,"divide"],"color":"#223","bgcolor":"#335"},{"id":927,"type":"Image Comparer (rgthree)","pos":[110,1470],"size":[500,800],"flags":{"pinned":true},"order":50,"mode":0,"inputs":[{"dir":3,"name":"image_a","shape":7,"type":"IMAGE","link":1732},{"dir":3,"name":"image_b","shape":7,"type":"IMAGE","link":1769}],"outputs":[],"title":"Before | After: Refiner","properties":{"cnr_id":"rgthree-comfy","ver":"1.0.2508012353","comparer_mode":"Slide","Node name for S&R":"Image Comparer (rgthree)"},"widgets_values":[[{"name":"A","selected":true,"url":"/api/view?filename=rgthree.compare._temp_eszyc_00300_.png&type=temp&subfolder=&rand=0.8149034639451495"},{"name":"B","selected":true,"url":"/api/view?filename=rgthree.compare._temp_eszyc_00301_.png&type=temp&subfolder=&rand=0.44573675062209417"}]],"color":"#233","bgcolor":"#355"},{"id":289,"type":"easy loraStack","pos":[-440,590],"size":[430,586],"flags":{"pinned":true},"order":11,"mode":0,"inputs":[{"localized_name":"optional_lora_stack","name":"optional_lora_stack","shape":7,"type":"LORA_STACK","link":null},{"localized_name":"toggle","name":"toggle","type":"BOOLEAN","widget":{"name":"toggle"},"link":null},{"localized_name":"mode","name":"mode","type":"COMBO","widget":{"name":"mode"},"link":null},{"localized_name":"num_loras","name":"num_loras","type":"INT","widget":{"name":"num_loras"},"link":null},{"localized_name":"lora_1_name","name":"lora_1_name","shape":7,"type":"COMBO","widget":{"name":"lora_1_name"},"link":null},{"localized_name":"lora_1_strength","name":"lora_1_strength","shape":7,"type":"FLOAT","widget":{"name":"lora_1_strength"},"link":null},{"localized_name":"lora_1_model_strength","name":"lora_1_model_strength","shape":7,"type":"FLOAT","widget":{"name":"lora_1_model_strength"},"link":null},{"localized_name":"lora_1_clip_strength","name":"lora_1_clip_strength","shape":7,"type":"FLOAT","widget":{"name":"lora_1_clip_strength"},"link":null},{"localized_name":"lora_2_name","name":"lora_2_name","shape":7,"type":"COMBO","widget":{"name":"lora_2_name"},"link":null},{"localized_name":"lora_2_strength","name":"lora_2_strength","shape":7,"type":"FLOAT","widget":{"name":"lora_2_strength"},"link":null},{"localized_name":"lora_2_model_strength","name":"lora_2_model_strength","shape":7,"type":"FLOAT","widget":{"name":"lora_2_model_strength"},"link":null},{"localized_name":"lora_2_clip_strength","name":"lora_2_clip_strength","shape":7,"type":"FLOAT","widget":{"name":"lora_2_clip_strength"},"link":null},{"localized_name":"lora_3_name","name":"lora_3_name","shape":7,"type":"COMBO","widget":{"name":"lora_3_name"},"link":null},{"localized_name":"lora_3_strength","name":"lora_3_strength","shape":7,"type":"FLOAT","widget":{"name":"lora_3_strength"},"link":null},{"localized_name":"lora_3_model_strength","name":"lora_3_model_strength","shape":7,"type":"FLOAT","widget":{"name":"lora_3_model_strength"},"link":null},{"localized_name":"lora_3_clip_strength","name":"lora_3_clip_strength","shape":7,"type":"FLOAT","widget":{"name":"lora_3_clip_strength"},"link":null},{"localized_name":"lora_4_name","name":"lora_4_name","shape":7,"type":"COMBO","widget":{"name":"lora_4_name"},"link":null},{"localized_name":"lora_4_strength","name":"lora_4_strength","shape":7,"type":"FLOAT","widget":{"name":"lora_4_strength"},"link":null},{"localized_name":"lora_4_model_strength","name":"lora_4_model_strength","shape":7,"type":"FLOAT","widget":{"name":"lora_4_model_strength"},"link":null},{"localized_name":"lora_4_clip_strength","name":"lora_4_clip_strength","shape":7,"type":"FLOAT","widget":{"name":"lora_4_clip_strength"},"link":null},{"localized_name":"lora_5_name","name":"lora_5_name","shape":7,"type":"COMBO","widget":{"name":"lora_5_name"},"link":null},{"localized_name":"lora_5_strength","name":"lora_5_strength","shape":7,"type":"FLOAT","widget":{"name":"lora_5_strength"},"link":null},{"localized_name":"lora_5_model_strength","name":"lora_5_model_strength","shape":7,"type":"FLOAT","widget":{"name":"lora_5_model_strength"},"link":null},{"localized_name":"lora_5_clip_strength","name":"lora_5_clip_strength","shape":7,"type":"FLOAT","widget":{"name":"lora_5_clip_strength"},"link":null},{"localized_name":"lora_6_name","name":"lora_6_name","shape":7,"type":"COMBO","widget":{"name":"lora_6_name"},"link":null},{"localized_name":"lora_6_strength","name":"lora_6_strength","shape":7,"type":"FLOAT","widget":{"name":"lora_6_strength"},"link":null},{"localized_name":"lora_6_model_strength","name":"lora_6_model_strength","shape":7,"type":"FLOAT","widget":{"name":"lora_6_model_strength"},"link":null},{"localized_name":"lora_6_clip_strength","name":"lora_6_clip_strength","shape":7,"type":"FLOAT","widget":{"name":"lora_6_clip_strength"},"link":null},{"localized_name":"lora_7_name","name":"lora_7_name","shape":7,"type":"COMBO","widget":{"name":"lora_7_name"},"link":null},{"localized_name":"lora_7_strength","name":"lora_7_strength","shape":7,"type":"FLOAT","widget":{"name":"lora_7_strength"},"link":null},{"localized_name":"lora_7_model_strength","name":"lora_7_model_strength","shape":7,"type":"FLOAT","widget":{"name":"lora_7_model_strength"},"link":null},{"localized_name":"lora_7_clip_strength","name":"lora_7_clip_strength","shape":7,"type":"FLOAT","widget":{"name":"lora_7_clip_strength"},"link":null},{"localized_name":"lora_8_name","name":"lora_8_name","shape":7,"type":"COMBO","widget":{"name":"lora_8_name"},"link":null},{"localized_name":"lora_8_strength","name":"lora_8_strength","shape":7,"type":"FLOAT","widget":{"name":"lora_8_strength"},"link":null},{"localized_name":"lora_8_model_strength","name":"lora_8_model_strength","shape":7,"type":"FLOAT","widget":{"name":"lora_8_model_strength"},"link":null},{"localized_name":"lora_8_clip_strength","name":"lora_8_clip_strength","shape":7,"type":"FLOAT","widget":{"name":"lora_8_clip_strength"},"link":null},{"localized_name":"lora_9_name","name":"lora_9_name","shape":7,"type":"COMBO","widget":{"name":"lora_9_name"},"link":null},{"localized_name":"lora_9_strength","name":"lora_9_strength","shape":7,"type":"FLOAT","widget":{"name":"lora_9_strength"},"link":null},{"localized_name":"lora_9_model_strength","name":"lora_9_model_strength","shape":7,"type":"FLOAT","widget":{"name":"lora_9_model_strength"},"link":null},{"localized_name":"lora_9_clip_strength","name":"lora_9_clip_strength","shape":7,"type":"FLOAT","widget":{"name":"lora_9_clip_strength"},"link":null},{"localized_name":"lora_10_name","name":"lora_10_name","shape":7,"type":"COMBO","widget":{"name":"lora_10_name"},"link":null},{"localized_name":"lora_10_strength","name":"lora_10_strength","shape":7,"type":"FLOAT","widget":{"name":"lora_10_strength"},"link":null},{"localized_name":"lora_10_model_strength","name":"lora_10_model_strength","shape":7,"type":"FLOAT","widget":{"name":"lora_10_model_strength"},"link":null},{"localized_name":"lora_10_clip_strength","name":"lora_10_clip_strength","shape":7,"type":"FLOAT","widget":{"name":"lora_10_clip_strength"},"link":null}],"outputs":[{"localized_name":"lora_stack","name":"lora_stack","type":"LORA_STACK","slot_index":0,"links":[1710]}],"properties":{"cnr_id":"comfyui-easy-use","ver":"63a1ca5ec6e9e3b02a338b34e56b3ed6938db061","Node name for S&R":"easy loraStack","aux_id":"yolain/ComfyUI-Easy-Use"},"widgets_values":[true,"simple",10,"nicegirls_Zimage.safetensors",0.45,1,1,"b3tternud3s_v2.safetensors",0.2,1,1,"afterdark_z_image_turbo.safetensors",0.1,1,1,"lenovo_z.safetensors",0.08,1,1,"psxZStyle_v1_ZIT.safetensors",0.1,1,1,"Z-TURBO_Photography_35mmPhoto_896.safetensors",0.1,1,1,"movie_zimage_lora.safetensors",0.08,1,1,"None",1,1,1,"None",1,1,1,"None",1,1,1],"color":"#432","bgcolor":"#653"},{"id":894,"type":"easy cleanGpuUsed","pos":[1870,20],"size":[157.57391204833985,26],"flags":{"collapsed":true,"pinned":true},"order":54,"mode":0,"inputs":[{"localized_name":"anything","name":"anything","type":"*","link":1691}],"outputs":[{"localized_name":"output","name":"output","type":"*","links":[1537,1538,1629]}],"properties":{"cnr_id":"comfyui-easy-use","ver":"1.3.4","Node name for S&R":"easy cleanGpuUsed"},"widgets_values":[],"color":"#223","bgcolor":"#335"},{"id":881,"type":"ImageScaleToTotalPixels","pos":[2050,20],"size":[280,82],"flags":{"collapsed":true,"pinned":true},"order":55,"mode":0,"inputs":[{"localized_name":"image","name":"image","type":"IMAGE","link":1537},{"localized_name":"upscale_method","name":"upscale_method","type":"COMBO","widget":{"name":"upscale_method"},"link":null},{"localized_name":"megapixels","name":"megapixels","type":"FLOAT","widget":{"name":"megapixels"},"link":1633}],"outputs":[{"localized_name":"IMAGE","name":"IMAGE","type":"IMAGE","links":[1498]}],"title":"Resize","properties":{"cnr_id":"comfy-core","ver":"0.3.45","Node name for S&R":"ImageScaleToTotalPixels","enableTabs":false,"tabWidth":65,"tabXOffset":10,"hasSecondTab":false,"secondTabText":"Send Back","secondTabOffset":80,"secondTabWidth":65,"ue_properties":{"widget_ue_connectable":{},"version":"7.0.1"},"widget_ue_connectable":{}},"widgets_values":["lanczos",8.85],"color":"#223","bgcolor":"#335"},{"id":880,"type":"GetImageSize","pos":[2170,20],"size":[140,124.00000000000001],"flags":{"collapsed":true,"pinned":true},"order":57,"mode":0,"inputs":[{"localized_name":"image","name":"image","type":"IMAGE","link":1498}],"outputs":[{"localized_name":"width","name":"width","type":"INT","links":[1493,1496]},{"localized_name":"height","name":"height","type":"INT","links":[1494,1495]},{"localized_name":"batch_size","name":"batch_size","type":"INT","links":null}],"properties":{"cnr_id":"comfy-core","ver":"0.3.68","Node name for S&R":"GetImageSize"},"widgets_values":["width: 2048, height: 3072\n batch size: 1"],"color":"#223","bgcolor":"#335"},{"id":967,"type":"SAMLoader","pos":[1210,340],"size":[270,82],"flags":{"collapsed":true,"pinned":true},"order":12,"mode":0,"inputs":[{"localized_name":"model_name","name":"model_name","type":"COMBO","widget":{"name":"model_name"},"link":null},{"localized_name":"device_mode","name":"device_mode","type":"COMBO","widget":{"name":"device_mode"},"link":null}],"outputs":[{"localized_name":"SAM_MODEL","name":"SAM_MODEL","type":"SAM_MODEL","links":[1742]}],"title":"SAM","properties":{"cnr_id":"comfyui-impact-pack","ver":"8.22.0","Node name for S&R":"SAMLoader"},"widgets_values":["sam_vit_b_01ec64.pth","AUTO"],"color":"#332922","bgcolor":"#593930"},{"id":968,"type":"UltralyticsDetectorProvider","pos":[1210,20],"size":[280,90],"flags":{"collapsed":false,"pinned":true},"order":13,"mode":0,"inputs":[{"localized_name":"model_name","name":"model_name","type":"COMBO","widget":{"name":"model_name"},"link":null}],"outputs":[{"localized_name":"BBOX_DETECTOR","name":"BBOX_DETECTOR","type":"BBOX_DETECTOR","links":[1741]},{"localized_name":"SEGM_DETECTOR","name":"SEGM_DETECTOR","type":"SEGM_DETECTOR","links":[]}],"properties":{"cnr_id":"comfyui-impact-subpack","ver":"74db20c95eca152a6d686c914edc0ef4e4762cb8","Node name for S&R":"UltralyticsDetectorProvider","aux_id":"ltdrdata/ComfyUI-Impact-Subpack"},"widgets_values":["bbox/face_yolov8m.pt"],"color":"#332922","bgcolor":"#593930"},{"id":973,"type":"Any Switch (rgthree)","pos":[1210,200],"size":[250.05000457763674,106],"flags":{"collapsed":true,"pinned":true},"order":49,"mode":0,"inputs":[{"dir":3,"name":"any_01","type":"IMAGE","link":1749},{"dir":3,"name":"any_02","type":"IMAGE","link":1750},{"dir":3,"name":"any_03","type":"IMAGE","link":null},{"dir":3,"name":"any_04","type":"IMAGE","link":null},{"name":"any_05","type":"IMAGE","link":null}],"outputs":[{"dir":4,"label":"IMAGE","name":"*","shape":3,"type":"IMAGE","links":[1751,1758]}],"title":"Image","properties":{"cnr_id":"rgthree-comfy","ver":"42e73c3c48e8268129a6a1ea6d9766913bfc5435"},"widgets_values":[],"color":"#332922","bgcolor":"#593930"},{"id":690,"type":"Image Comparer (rgthree)","pos":[1210,1470],"size":[500,800],"flags":{"pinned":true},"order":65,"mode":0,"inputs":[{"dir":3,"name":"image_a","shape":7,"type":"IMAGE","link":1692},{"dir":3,"name":"image_b","shape":7,"type":"IMAGE","link":1644}],"outputs":[],"title":"Before | After: SeedVR2 Upscale","properties":{"cnr_id":"rgthree-comfy","ver":"1.0.2508012353","comparer_mode":"Slide","Node name for S&R":"Image Comparer (rgthree)"},"widgets_values":[[{"name":"A","selected":true,"url":"/api/view?filename=rgthree.compare._temp_eszyc_00302_.png&type=temp&subfolder=&rand=0.7391274253753574"},{"name":"B","selected":true,"url":"/api/view?filename=rgthree.compare._temp_eszyc_00303_.png&type=temp&subfolder=&rand=0.38769972471660785"}]],"color":"#223","bgcolor":"#335"},{"id":971,"type":"FaceDetailer","pos":[1320,170],"size":[390,1184],"flags":{"collapsed":false,"pinned":true},"order":51,"mode":0,"inputs":[{"localized_name":"image","name":"image","type":"IMAGE","link":1751},{"localized_name":"model","name":"model","type":"MODEL","link":1752},{"localized_name":"clip","name":"clip","type":"CLIP","link":1753},{"localized_name":"vae","name":"vae","type":"VAE","link":1754},{"localized_name":"positive","name":"positive","type":"CONDITIONING","link":1755},{"localized_name":"negative","name":"negative","type":"CONDITIONING","link":1756},{"localized_name":"bbox_detector","name":"bbox_detector","type":"BBOX_DETECTOR","link":1741},{"localized_name":"sam_model_opt","name":"sam_model_opt","shape":7,"type":"SAM_MODEL","link":1742},{"localized_name":"segm_detector_opt","name":"segm_detector_opt","shape":7,"type":"SEGM_DETECTOR","link":null},{"localized_name":"detailer_hook","name":"detailer_hook","shape":7,"type":"DETAILER_HOOK","link":null},{"localized_name":"scheduler_func_opt","name":"scheduler_func_opt","shape":7,"type":"SCHEDULER_FUNC","link":null},{"localized_name":"guide_size","name":"guide_size","type":"FLOAT","widget":{"name":"guide_size"},"link":null},{"localized_name":"guide_size_for","name":"guide_size_for","type":"BOOLEAN","widget":{"name":"guide_size_for"},"link":null},{"localized_name":"max_size","name":"max_size","type":"FLOAT","widget":{"name":"max_size"},"link":null},{"localized_name":"seed","name":"seed","type":"INT","widget":{"name":"seed"},"link":null},{"localized_name":"steps","name":"steps","type":"INT","widget":{"name":"steps"},"link":null},{"localized_name":"cfg","name":"cfg","type":"FLOAT","widget":{"name":"cfg"},"link":null},{"localized_name":"sampler_name","name":"sampler_name","type":"COMBO","widget":{"name":"sampler_name"},"link":null},{"localized_name":"scheduler","name":"scheduler","type":"COMBO","widget":{"name":"scheduler"},"link":null},{"localized_name":"denoise","name":"denoise","type":"FLOAT","widget":{"name":"denoise"},"link":null},{"localized_name":"feather","name":"feather","type":"INT","widget":{"name":"feather"},"link":null},{"localized_name":"noise_mask","name":"noise_mask","type":"BOOLEAN","widget":{"name":"noise_mask"},"link":null},{"localized_name":"force_inpaint","name":"force_inpaint","type":"BOOLEAN","widget":{"name":"force_inpaint"},"link":null},{"localized_name":"bbox_threshold","name":"bbox_threshold","type":"FLOAT","widget":{"name":"bbox_threshold"},"link":null},{"localized_name":"bbox_dilation","name":"bbox_dilation","type":"INT","widget":{"name":"bbox_dilation"},"link":null},{"localized_name":"bbox_crop_factor","name":"bbox_crop_factor","type":"FLOAT","widget":{"name":"bbox_crop_factor"},"link":null},{"localized_name":"sam_detection_hint","name":"sam_detection_hint","type":"COMBO","widget":{"name":"sam_detection_hint"},"link":null},{"localized_name":"sam_dilation","name":"sam_dilation","type":"INT","widget":{"name":"sam_dilation"},"link":null},{"localized_name":"sam_threshold","name":"sam_threshold","type":"FLOAT","widget":{"name":"sam_threshold"},"link":null},{"localized_name":"sam_bbox_expansion","name":"sam_bbox_expansion","type":"INT","widget":{"name":"sam_bbox_expansion"},"link":null},{"localized_name":"sam_mask_hint_threshold","name":"sam_mask_hint_threshold","type":"FLOAT","widget":{"name":"sam_mask_hint_threshold"},"link":null},{"localized_name":"sam_mask_hint_use_negative","name":"sam_mask_hint_use_negative","type":"COMBO","widget":{"name":"sam_mask_hint_use_negative"},"link":null},{"localized_name":"drop_size","name":"drop_size","type":"INT","widget":{"name":"drop_size"},"link":null},{"localized_name":"wildcard","name":"wildcard","type":"STRING","widget":{"name":"wildcard"},"link":null},{"localized_name":"cycle","name":"cycle","type":"INT","widget":{"name":"cycle"},"link":null},{"localized_name":"inpaint_model","name":"inpaint_model","shape":7,"type":"BOOLEAN","widget":{"name":"inpaint_model"},"link":null},{"localized_name":"noise_mask_feather","name":"noise_mask_feather","shape":7,"type":"INT","widget":{"name":"noise_mask_feather"},"link":null},{"localized_name":"tiled_encode","name":"tiled_encode","shape":7,"type":"BOOLEAN","widget":{"name":"tiled_encode"},"link":null},{"localized_name":"tiled_decode","name":"tiled_decode","shape":7,"type":"BOOLEAN","widget":{"name":"tiled_decode"},"link":null}],"outputs":[{"localized_name":"image","name":"image","type":"IMAGE","links":[1745,1757,1762]},{"localized_name":"cropped_refined","name":"cropped_refined","shape":6,"type":"IMAGE","links":null},{"localized_name":"cropped_enhanced_alpha","name":"cropped_enhanced_alpha","shape":6,"type":"IMAGE","links":null},{"localized_name":"mask","name":"mask","type":"MASK","links":null},{"localized_name":"detailer_pipe","name":"detailer_pipe","type":"DETAILER_PIPE","links":null},{"localized_name":"cnet_images","name":"cnet_images","shape":6,"type":"IMAGE","links":null}],"properties":{"cnr_id":"comfyui-impact-pack","ver":"8.22.0","Node name for S&R":"FaceDetailer"},"widgets_values":[768,true,1536,300000,"fixed",8,1,"sa_solver","simple",0.2,5,true,true,0.5,10,3,"center-1",0,0.93,0,0.7,"False",10,"",1,false,20,false,false],"color":"#332922","bgcolor":"#593930"},{"id":975,"type":"Image Comparer (rgthree)","pos":[650,1470],"size":[500,800],"flags":{"pinned":true},"order":53,"mode":0,"inputs":[{"dir":3,"name":"image_a","shape":7,"type":"IMAGE","link":1758},{"dir":3,"name":"image_b","shape":7,"type":"IMAGE","link":1757}],"outputs":[],"title":"Before | After: Face Refiner","properties":{"cnr_id":"rgthree-comfy","ver":"1.0.2508012353","comparer_mode":"Slide","Node name for S&R":"Image Comparer (rgthree)"},"widgets_values":[[{"name":"A","selected":true,"url":"/api/view?filename=rgthree.compare._temp_deeuy_00089_.png&type=temp&subfolder=&rand=0.9186461941788547"},{"name":"B","selected":true,"url":"/api/view?filename=rgthree.compare._temp_deeuy_00090_.png&type=temp&subfolder=&rand=0.33606124449706654"}]],"color":"#332922","bgcolor":"#593930"},{"id":947,"type":"Any Switch (rgthree)","pos":[1760,20],"size":[250.05000457763674,106],"flags":{"collapsed":true,"pinned":true},"order":52,"mode":0,"inputs":[{"dir":3,"name":"any_01","type":"IMAGE","link":1745},{"dir":3,"name":"any_02","type":"IMAGE","link":1744},{"dir":3,"name":"any_03","type":"IMAGE","link":1743},{"dir":3,"name":"any_04","type":"IMAGE","link":null},{"name":"any_05","type":"IMAGE","link":null}],"outputs":[{"dir":4,"label":"IMAGE","name":"*","shape":3,"type":"IMAGE","links":[1691,1692]}],"title":"Image","properties":{"cnr_id":"rgthree-comfy","ver":"42e73c3c48e8268129a6a1ea6d9766913bfc5435"},"widgets_values":[],"color":"#223","bgcolor":"#335"},{"id":919,"type":"PreviewImage","pos":[2310,1470],"size":[500,800],"flags":{"pinned":true},"order":72,"mode":0,"inputs":[{"localized_name":"images","name":"images","type":"IMAGE","link":1767}],"outputs":[],"title":"Preview: Final Image","properties":{"cnr_id":"comfy-core","ver":"0.3.49","Node name for S&R":"PreviewImage"},"widgets_values":[]},{"id":978,"type":"Any Switch (rgthree)","pos":[2290,1090],"size":[250.05000457763674,126],"flags":{"collapsed":true,"pinned":true},"order":70,"mode":0,"inputs":[{"dir":3,"name":"any_01","type":"IMAGE","link":1770},{"dir":3,"name":"any_02","type":"IMAGE","link":1761},{"dir":3,"name":"any_03","type":"IMAGE","link":1762},{"dir":3,"name":"any_04","type":"IMAGE","link":1763},{"dir":3,"name":"any_05","type":"IMAGE","link":1764},{"name":"any_06","type":"IMAGE","link":null}],"outputs":[{"dir":4,"label":"IMAGE","name":"*","shape":3,"type":"IMAGE","links":[1765,1767]}],"title":"Image","properties":{"cnr_id":"rgthree-comfy","ver":"42e73c3c48e8268129a6a1ea6d9766913bfc5435"},"widgets_values":[],"color":"#223","bgcolor":"#335"},{"id":725,"type":"SaveImage","pos":[2410,1060],"size":[410,300],"flags":{"pinned":true},"order":71,"mode":0,"inputs":[{"localized_name":"images","name":"images","type":"IMAGE","link":1765},{"localized_name":"filename_prefix","name":"filename_prefix","type":"STRING","widget":{"name":"filename_prefix"},"link":null}],"outputs":[],"title":"Save Final Image","properties":{"cnr_id":"comfy-core","ver":"0.3.50","Node name for S&R":"SaveImage"},"widgets_values":["PhotoFlow-Z-Image-Turbo"]},{"id":942,"type":"Any Switch (rgthree)","pos":[1870,1100],"size":[250.05000457763674,106],"flags":{"collapsed":true,"pinned":true},"order":48,"mode":0,"inputs":[{"dir":3,"name":"any_01","type":"IMAGE","link":1677},{"dir":3,"name":"any_02","type":"IMAGE","link":1678},{"dir":3,"name":"any_03","type":"IMAGE","link":null},{"dir":3,"name":"any_04","type":"IMAGE","link":null},{"name":"any_05","type":"IMAGE","link":null}],"outputs":[{"dir":4,"label":"IMAGE","name":"*","shape":3,"type":"IMAGE","links":[1679]}],"title":"Image","properties":{"cnr_id":"rgthree-comfy","ver":"42e73c3c48e8268129a6a1ea6d9766913bfc5435"},"widgets_values":[],"color":"#323","bgcolor":"#535"},{"id":941,"type":"Any Switch (rgthree)","pos":[1870,1170],"size":[250.05000457763674,106],"flags":{"collapsed":true,"pinned":true},"order":66,"mode":0,"inputs":[{"dir":3,"name":"any_01","type":"IMAGE","link":1675},{"dir":3,"name":"any_02","type":"IMAGE","link":1679},{"dir":3,"name":"any_03","type":"IMAGE","link":null},{"dir":3,"name":"any_04","type":"IMAGE","link":null},{"name":"any_05","type":"IMAGE","link":null}],"outputs":[{"dir":4,"label":"IMAGE","name":"*","shape":3,"type":"IMAGE","links":[1680,1681,1682]}],"title":"Image","properties":{"cnr_id":"rgthree-comfy","ver":"42e73c3c48e8268129a6a1ea6d9766913bfc5435"},"widgets_values":[],"color":"#323","bgcolor":"#535"},{"id":986,"type":"Mute / Bypass Repeater (rgthree)","pos":[880,20],"size":[247.5999969482422,60],"flags":{"collapsed":true,"pinned":true},"order":37,"mode":0,"inputs":[{"color_off":"#a80","color_on":"#FC0","dir":3,"label":"","name":"Mute / Bypass Relay (rgthree)","type":"*","link":1774},{"dir":3,"name":"","type":"*","link":null}],"outputs":[],"title":"🚥","properties":{},"color":"#233","bgcolor":"#355"},{"id":985,"type":"Mute / Bypass Repeater (rgthree)","pos":[1210,400],"size":[247.5999969482422,60],"flags":{"collapsed":true,"pinned":true},"order":36,"mode":0,"inputs":[{"color_off":"#a80","color_on":"#FC0","dir":3,"label":"","name":"Mute / Bypass Relay (rgthree)","type":"*","link":1773},{"dir":3,"name":"","type":"*","link":null}],"outputs":[],"title":"🚥","properties":{},"color":"#332922","bgcolor":"#593930"},{"id":989,"type":"Mute / Bypass Repeater (rgthree)","pos":[1210,460],"size":[247.5999969482422,60],"flags":{"collapsed":true,"pinned":true},"order":31,"mode":0,"inputs":[{"color_off":"#a80","color_on":"#FC0","dir":3,"label":"","name":"Mute / Bypass Relay (rgthree)","type":"*","link":1775},{"dir":3,"name":"","type":"*","link":null}],"outputs":[],"title":"🚥","properties":{},"color":"#332922","bgcolor":"#593930"},{"id":983,"type":"Mute / Bypass Repeater (rgthree)","pos":[2730,20],"size":[247.5999969482422,60],"flags":{"collapsed":true,"pinned":true},"order":34,"mode":0,"inputs":[{"color_off":"#a80","color_on":"#FC0","dir":3,"name":"Mute / Bypass Relay (rgthree)","type":"*","link":1771},{"dir":3,"name":"","type":"*","link":null}],"outputs":[],"title":"🚥","properties":{},"color":"#223","bgcolor":"#335"},{"id":990,"type":"Mute / Bypass Repeater (rgthree)","pos":[2730,80],"size":[247.5999969482422,60],"flags":{"collapsed":true,"pinned":true},"order":32,"mode":0,"inputs":[{"color_off":"#a80","color_on":"#FC0","dir":3,"label":"","name":"Mute / Bypass Relay (rgthree)","type":"*","link":1777},{"dir":3,"name":"","type":"*","link":null}],"outputs":[],"title":"🚥","properties":{},"color":"#223","bgcolor":"#335"},{"id":984,"type":"Mute / Bypass Repeater (rgthree)","pos":[1760,1100],"size":[247.5999969482422,60],"flags":{"collapsed":true,"pinned":true},"order":35,"mode":0,"inputs":[{"color_off":"#a80","color_on":"#FC0","dir":3,"label":"","name":"Mute / Bypass Relay (rgthree)","type":"*","link":1772},{"dir":3,"name":"","type":"*","link":null}],"outputs":[],"title":"🚥","properties":{},"color":"#323","bgcolor":"#535"},{"id":991,"type":"Mute / Bypass Repeater (rgthree)","pos":[1760,1170],"size":[247.5999969482422,60],"flags":{"collapsed":true,"pinned":true},"order":33,"mode":0,"inputs":[{"color_off":"#a80","color_on":"#FC0","dir":3,"label":"","name":"Mute / Bypass Relay (rgthree)","type":"*","link":1778},{"dir":3,"name":"","type":"*","link":null}],"outputs":[],"title":"🚥","properties":{},"color":"#323","bgcolor":"#535"},{"id":923,"type":"MarkdownNote","pos":[-460,-430],"size":[590,150],"flags":{"collapsed":false,"pinned":true},"order":14,"mode":0,"inputs":[],"outputs":[],"title":"💡Info","properties":{},"widgets_values":["Bypassing SageAttention/Triton improves quality but increases generation time.\n\nSageAttention and Trition speed up generation, but are not installed in the standard ComfyUI. If you don't know how to install them, it's best to ask an AI. I asked [perplexity.ai](https://perplexity.ai) and was successfully guided through the installation step by step. Since the installation varies depending on the system, universal instructions cannot be provided here. Be sure to create a backup of ComfyUI beforehand, as problems during installation can also cause ComfyUI to stop working.\n\n⚠️‼️If the output image is completely black, this indicates an error with the `sage_attention` model. You should then select the model variant that matches your system configuration. Bypass the group if SageAttention and Triton are not installed‼️⚠️\n\n"],"color":"#222","bgcolor":"#000"},{"id":444,"type":"MarkdownNote","pos":[390,-460],"size":[240,380],"flags":{"collapsed":false,"pinned":true},"order":15,"mode":0,"inputs":[],"outputs":[],"title":"💡Best Resolutions","properties":{},"widgets_values":["### Landscape\n| Format | Width x Height |\n|--------|----------------|\n| 16:9   | 1920 x 1088    |\n| 3:2    | 1728 x 1152    |\n| 4:3    | 1600 x 1216    |\n\n### Square\n| Format | Width x Height |\n|--------|----------------|\n| 1:1    | 1408 x 1408    |\n\n### Portrait\n\n| Format | Width x Height |\n|--------|----------------|\n| 9:16   | 1088 x 1920    |\n| 2:3    | 1152 x 1728    |\n| 3:4    | 1216 x 1600    |\n"],"color":"#222","bgcolor":"#000"},{"id":992,"type":"PrimitiveInt","pos":[660,570],"size":[500,82],"flags":{"pinned":true},"order":16,"mode":0,"inputs":[{"localized_name":"value","name":"value","type":"INT","widget":{"name":"value"},"link":null}],"outputs":[{"localized_name":"INT","name":"INT","type":"INT","links":[1779]}],"title":"🪄Refiner Seed (change value until you are happy with the image)","properties":{"cnr_id":"comfy-core","ver":"0.3.76","Node name for S&R":"PrimitiveInt"},"widgets_values":[200000,"fixed"],"color":"#233","bgcolor":"#355"},{"id":789,"type":"TextBox1","pos":[660,430],"size":[500,88],"flags":{"pinned":true},"order":17,"mode":0,"inputs":[{"localized_name":"text1","name":"text1","type":"STRING","widget":{"name":"text1"},"link":null}],"outputs":[{"localized_name":"text1","name":"text1","type":"STRING","links":null}],"title":"💡Installation Instruction","properties":{"cnr_id":"RES4LYF","ver":"7750bf7800b6ad9d670308a09989fc0c04c40cec","Node name for S&R":"TextBox1","aux_id":"ClownsharkBatwing/RES4LYF"},"widgets_values":["This workflow uses RES4LYF nodes, which can be installed via the ComfyUI Manager."],"color":"#2a363b","bgcolor":"#3f5159"},{"id":966,"type":"MarkdownNote","pos":[320,460],"size":[290,210],"flags":{"collapsed":false,"pinned":true},"order":18,"mode":0,"inputs":[],"outputs":[],"title":"💡Image Quality and Detail Levels","properties":{},"widgets_values":["Schedulers listed from the clearest image with the fewest details to the noisiest with the most details: **simple**, **normal**, **beta**, **beta57**.\n\n- **simple** requires the highest number of steps to achieve the same level of detail as **beta57**.  \n- **beta57** is the most aggressive scheduler, it needs fewer steps but introduces more visible noise.  \n- For the best balance of clarity and texture, **simple** with a higher step count is recommended.\n\n**ddim_uniform** can produce unique and visually striking results, especially at low step counts. At these lower values, shadows are often reduced or missing, giving the image a high dynamic range (HDR) appearance."],"color":"#2a363b","bgcolor":"#3f5159"},{"id":641,"type":"MarkdownNote","pos":[10,510],"size":[300,140],"flags":{"collapsed":false,"pinned":true},"order":19,"mode":0,"inputs":[],"outputs":[],"title":"💡Defaults (CFG: 1.0)","properties":{},"widgets_values":["|               | official | good   | great  | great | excellent |\n|---------------|----------|--------|--------|-------|-----------|\n| **Steps**     | 9        | 5      | 9      | 18    | 30        |\n| **Scheduler** | euler    | res_2s | res_2s | deis  | sa_solver |\n| **Sampler**   | simple   | beta57 | beta   | beta  | simple    |\n\n**normal** can be a good alternative as scheduler."],"color":"#2a363b","bgcolor":"#3f5159"},{"id":913,"type":"ConditioningZeroOut","pos":[10,460],"size":[198.58695220947266,26],"flags":{"collapsed":true,"pinned":true},"order":41,"mode":0,"inputs":[{"localized_name":"conditioning","name":"conditioning","type":"CONDITIONING","link":1641}],"outputs":[{"localized_name":"CONDITIONING","name":"CONDITIONING","type":"CONDITIONING","links":[1642,1653,1756]}],"title":"no negative","properties":{"cnr_id":"comfy-core","ver":"0.3.71","Node name for S&R":"ConditioningZeroOut"},"widgets_values":[],"color":"#322","bgcolor":"#533"},{"id":290,"type":"easy loraStackApply","pos":[-140,490],"size":[252,66],"flags":{"collapsed":true,"pinned":true},"order":30,"mode":0,"inputs":[{"localized_name":"lora_stack","name":"lora_stack","type":"LORA_STACK","link":1710},{"localized_name":"model","name":"model","type":"MODEL","link":1647},{"localized_name":"optional_clip","name":"optional_clip","shape":7,"type":"CLIP","link":1309}],"outputs":[{"localized_name":"model","name":"model","type":"MODEL","slot_index":0,"links":[1650]},{"localized_name":"clip","name":"clip","type":"CLIP","slot_index":1,"links":[1310,1753]}],"title":"Apply Loras","properties":{"cnr_id":"comfyui-easy-use","ver":"63a1ca5ec6e9e3b02a338b34e56b3ed6938db061","Node name for S&R":"easy loraStackApply","aux_id":"yolain/ComfyUI-Easy-Use"},"widgets_values":[],"color":"#432","bgcolor":"#653"},{"id":237,"type":"Fast Groups Bypasser (rgthree)","pos":[640,-500],"size":[540,420],"flags":{"pinned":true},"order":20,"mode":0,"inputs":[],"outputs":[{"name":"OPT_CONNECTION","type":"*","links":[]}],"title":"💤Fast Groups Bypasser","properties":{"matchColors":"","matchTitle":"","showNav":true,"showAllGraphs":true,"sort":"position","customSortAlphabet":"","toggleRestriction":"default"}},{"id":987,"type":"Mute / Bypass Relay (rgthree)","pos":[1450,-310],"size":[226.1391357421875,30],"flags":{"collapsed":true},"order":21,"mode":0,"inputs":[{"dir":3,"label":"","name":"","type":"*","link":null}],"outputs":[{"color_off":"#a80","color_on":"#Fc0","dir":4,"name":"REPEATER","shape":5,"type":"_NODE_REPEATER_","links":[1775,1777,1778]}],"properties":{"on_muted_inputs":"MUTE","on_bypassed_inputs":"BYPASS","on_any_active_inputs":"ACTIVE"},"color":"#222","bgcolor":"#000"},{"id":982,"type":"Mute / Bypass Relay (rgthree)","pos":[1200,-310],"size":[263.9252283658285,46.85911840934523],"flags":{"collapsed":true,"pinned":true},"order":22,"mode":0,"inputs":[{"dir":3,"name":"","type":"*","link":null}],"outputs":[{"color_off":"#a80","color_on":"#Fc0","dir":4,"name":"REPEATER","shape":5,"type":"_NODE_REPEATER_","links":[1771,1772,1773,1774]}],"properties":{"on_muted_inputs":"MUTE","on_bypassed_inputs":"BYPASS","on_any_active_inputs":"ACTIVE"},"color":"#222","bgcolor":"#000"},{"id":932,"type":"MarkdownNote","pos":[660,70],"size":[510,300],"flags":{"collapsed":false,"pinned":true},"order":23,"mode":0,"inputs":[],"outputs":[],"title":"💡Refiner Guide","properties":{},"widgets_values":["If you like the first image, you can skip the **💎Refiner** step by using the **💤Fast Group Bypasser** at the top. If there are details in the image that bother you, you can enable the **💎Refiner** to generate alternative versions of the image.\n\n​Make sure that in the first group's **🖼️KSampler**, the **control after generate** option is set to **fixed**. Don't forget to reduce the initial seed value by one if **increase** was the last setting to match the value of the current image. This lets you change the **🪄Refiner Seed** value of this group if you are not satisfied with the alternative yet. The exact seed value does not matter, it just needs to be different from the one used in the **🖼️KSampler**.\n\n​While the 👀✨🎞️ and **📂Save Final Image** groups are bypassed, you can repeatedly start the image generation with a new seed value and compare the new result with the first image in the preview at the bottom. Once you are happy with the result, you can optionally run the **👀Face Refiner** for fixing ugly faces and **✨SeedVR2 Upscale** afterward, which is especially useful if you need a very sharp image. \n\n​However, this additional sharpness can sometimes make the image look worse, depending on the subject, especially when the original softness is what makes the image feel vivid and natural.\n\nIf you like the analog look of image noise, activate the **🎞️Film Grain** group.\n\nBy the way: It is also possible to generate a slightly different alternative of the first image with the same seed in the **🖼️KSampler**. Just add a character without special meaning like a dot for every alternative at the end of your prompt. Maybe the third one is the best..."],"color":"#233","bgcolor":"#355"},{"id":929,"type":"SharkChainsampler_Beta","pos":[920,910],"size":[240,440],"flags":{"pinned":true},"order":46,"mode":0,"inputs":[{"localized_name":"model","name":"model","shape":7,"type":"MODEL","link":null},{"localized_name":"positive","name":"positive","shape":7,"type":"CONDITIONING","link":null},{"localized_name":"negative","name":"negative","shape":7,"type":"CONDITIONING","link":null},{"localized_name":"sampler","name":"sampler","shape":7,"type":"SAMPLER","link":null},{"localized_name":"sigmas","name":"sigmas","shape":7,"type":"SIGMAS","link":null},{"localized_name":"latent_image","name":"latent_image","shape":7,"type":"LATENT","link":1655},{"localized_name":"options","name":"options","shape":7,"type":"OPTIONS","link":null},{"localized_name":"steps_to_run","name":"steps_to_run","type":"INT","widget":{"name":"steps_to_run"},"link":null},{"localized_name":"cfg","name":"cfg","type":"FLOAT","widget":{"name":"cfg"},"link":null},{"localized_name":"sampler_mode","name":"sampler_mode","type":"COMBO","widget":{"name":"sampler_mode"},"link":null}],"outputs":[{"localized_name":"output","name":"output","type":"LATENT","links":[1658]},{"localized_name":"denoised","name":"denoised","type":"LATENT","links":null},{"localized_name":"options","name":"options","type":"OPTIONS","links":null}],"properties":{"cnr_id":"RES4LYF","ver":"46de917234f9fef3f2ab411c41e07aa3c633f4f7","Node name for S&R":"SharkChainsampler_Beta"},"widgets_values":[10,1,"resample"],"color":"#233","bgcolor":"#355"},{"id":931,"type":"MarkdownNote","pos":[920,710],"size":[240,140],"flags":{"collapsed":false},"order":24,"mode":0,"inputs":[],"outputs":[],"title":"💡Defaults (don't change)","properties":{},"widgets_values":["**Steps:** 30  \n**Steps to run:** 10  \n**CFG:** 1.0  \n**Sampler:** res_2m  \n**Scheduler:** beta  \n**Denoise:** 1.00  \n**Bongmath:** true  \n**Sampler Mode #1:** unsample  \n**Sampler Mode #2:** resample"],"color":"#233","bgcolor":"#355"},{"id":970,"type":"MarkdownNote","pos":[1500,20],"size":[210,90],"flags":{"collapsed":false,"pinned":true},"order":25,"mode":0,"inputs":[],"outputs":[],"title":"Defaults","properties":{},"widgets_values":["**Guide Size:** 768, **Max Size:** 1536, **Steps:** 8, **CFG:** 1.0, **Denoise:** 0.20, **Sampler:** sa_solver, **Scheduler:** simple\n\n❌ next to SEGM_DETECTOR is no error\n \n"],"color":"#332922","bgcolor":"#593930"},{"id":604,"type":"MarkdownNote","pos":[1190,-500],"size":[240,88],"flags":{"collapsed":false,"pinned":true},"order":26,"mode":0,"inputs":[],"outputs":[],"title":"💡Image Generation Tips","properties":{},"widgets_values":["You can bypass groups to skip them. Use the 💤Fast Groups Bypasser node, to control this easily."],"color":"#222","bgcolor":"#000"},{"id":993,"type":"MarkdownNote","pos":[1190,-180],"size":[540,100],"flags":{"collapsed":false,"pinned":true},"order":27,"mode":0,"inputs":[],"outputs":[],"title":"💡Face Refinement Tips","properties":{},"widgets_values":["Z-Image-Turbo often generates faces that don’t require additional optimization, so bypassing the group is an option. If the effect is too subtle, increase the **denoise** value; if it's too strong, lower it. For systems with limited GPU power, you can safely reduce the step count to 6. Change the seed for alternative faces."],"color":"#222","bgcolor":"#000"},{"id":916,"type":"MarkdownNote","pos":[2280,180],"size":[530,700],"flags":{"collapsed":false,"pinned":true},"order":28,"mode":0,"inputs":[],"outputs":[],"title":"💡SeedVR2 Upscaling Guide","properties":{},"widgets_values":["SeedVR2 is a powerful upscaling tool optimized for workflows with very low source image sizes and very high output resolutions. It excels when adding significant detail to smaller images.  \n\n### Source Image Size and Quality\n- Optimal source size: Between approximately 0.1 and 1 megapixels.\n- A common sweet spot is 0.27 MP (512 × 512 pixels), which balances detail enhancement and texture preservation.\n- Increasing the source image size preserves more original texture, but fewer new details will be added.  \n\n### Output Image Resolution and VRAM\n\n- The higher the output resolution, the better the final quality. 6 megapixels seem to be the sweat spot.\n- This workflow was developed and tested with 32 GB of VRAM and 96 GB of RAM, allowing output images up to approximately 8.85 megapixels without tiling. Without tiling the best results are often achieved at around 6 megapixels.\n- For systems with less VRAM:\n  - Enable the encode_tiled and decode_tiled options.\n  - Start with a tile size of 1024 pixels. The higher, the better. The size should be divisible by 64.\n  - If you encounter out-of-memory errors, reduce the tile size (e.g., to 768).\n  - If memory issues persist, reduce the target output megapixel size accordingly.\n- Check the console log for detailed memory usage; it provides clues on which parameters to adjust.\n\n### Memory Management for Lower VRAM GPUs\n- If your GPU has less than 24 GB of VRAM, use block swapping and activate swapping of IO components.\n- Block swapping dynamically moves transformer blocks between GPU and CPU memory, allowing large models to run on limited VRAM.\n- Adjust the blocks_to_swap parameter (3B: 0-32, 7B: 0-36) to balance VRAM savings and processing speed:\n  - Lower values speed up processing but use more VRAM.\n  - Higher values save VRAM but slow down performance.\n- For an in-depth tutorial on block swapping and optimal settings, watch [this video](https://www.youtube.com/watch?v=MBtWYXq_r60).\n\n### Automatic Downloads\n\n- The selected model and VAE files will be downloaded automatically on first use.\n- ⚠️ Because these models are large, the download may take several minutes.\n- Monitor the console log for download progress.\n- Manual download into the 📂`ComfyUI\\models\\SEEDVR2` directory is possible. Models can be found [here](https://huggingface.co/numz/SeedVR2_comfyUI/tree/main) and [here](https://huggingface.co/AInVFX/SeedVR2_comfyUI/tree/main).\n\nIn most cases, the 7B model delivers better overall results than the 7B_sharp variant. Which one performs best depends on the specific image. Contrary to its name, 7B_sharp is not necessarily sharper; instead, it can produce finer details and better lighting but comes with a higher risk of artifacts, especially in smooth or plain areas.\n\nThe 3B model tends to perform better than the 7B model when the input image is blurry, as it handles such cases more effectively.\n\nFor the best image quality, choose the fp16 precision setting. If you want to reduce VRAM usage, opt for fp8, or even more compact formats like Q8 or Q4, keeping in mind that lower precision may slightly reduce output fidelity.\n\n\n"],"color":"#223","bgcolor":"#335"},{"id":351,"type":"MarkdownNote","pos":[-1110,-40],"size":[640,1180],"flags":{"collapsed":false,"pinned":true},"order":29,"mode":0,"inputs":[],"outputs":[],"title":"ℹ️Workflow INFO","properties":{},"widgets_values":["# PhotoFlow Z-Image-Turbo v2.0\n\nThis text-to-image workflow is specifically designed to generate images with a strong emphasis on realism. To further enhance the resolution and quality significantly, the SeedVR2 video upscaler is ideal, as it refines finer details without compromising the original texture integrity.\n\n## Recommended Model Downloads\n\n### Z-Image-Turbo\nSave path 📂`ComfyUI/models/diffusion_models`:  \n\nIf you have 16GB or more of VRAM the bf16 safetenors model is recommended.  \n[Download](https://civitai.com/models/2168935?modelVersionId=2442439) `zImage_turbo.safetensors`  \n\nIf you want to speed up the generation or have less VRAM the fp8 model is recommended.  \n[Download](https://civitai.com/models/2169712?modelVersionId=2445746) `zImageTurboQuantized_fp8ScaledE4m3fnKJ.safetensors`\n\n### Text Encoder\nSave path 📂`ComfyUI/models/text_encoders`:  \n\n[Download](https://civitai.com/models/2168935?modelVersionId=2442540) `zImage_textEncoder.safetensors`  \n\n### VAE\nSave path 📂`ComfyUI\\models\\vae`:  \n[Download](https://civitai.com/models/2168935?modelVersionId=2442479) `zImage_vae.safetensors`  \nIt's the same as the Flux VAE.\n\n### LoRAs (optional, highly recommended)\n\nThis workflow was developed to generate photorealistic images with a neutral appearance by default, capturing a moment as if it were a real, unaltered scene. The goal is to achieve this realism without having to apply specific artistic styles unless desired. However, users should still be able to create different styles purely through prompt instructions, without changing LoRAs or their strength settings. The neutral look should not be artificially forced.  \n\nSince no single LoRA can achieve this flexibility, as each is optimized for a particular style, the workflow combines several LoRAs at different strengths. After hundreds of tests, this combination has proven to meet the intended balance between realism and adaptability.  \nBe cautious when adjusting LoRA strengths! Z-Image-Turbo is highly sensitive to even minor changes when multiple LoRAs are active. A tweak that improves one image may negatively affect others.  \n\nThis setup also includes a LoRA designed to create more realistic soft NSFW imagery.\n\n#### Version Requirements\n\n⚠️ **Use the exact versions listed in this guide, even if newer ones are available.**  These specific versions were found to work best in combination when the workflow was created. Updating to newer releases will not improve results unless you also readjust all LoRA weights.\n\n⚠️ **Ensure that ComfyUI version 0.3.76 or newer is installed.** Earlier versions (up to 0.3.75) process LoRAs incorrectly when multiple are combined, resulting in significantly different output compared to the intended results.\n\nSave path 📂`ComfyUI\\models\\loras`:  \n\n[Download NiceGirls UltraReal](https://civitai.com/models/1862761?modelVersionId=2465980) (v1.0 Z-Image Turbo) `nicegirls_Zimage.safetensors`  \nLoRA strength: **0.45**\n\n[Download PhotoReal BetterNudes](https://civitai.com/models/2174081?modelVersionId=2455720) (v2.0) `b3tternud3s_v2.safetensors`  \nLoRA strength: **0.20**\n\n[Download AfterDark](https://civitai.com/models/2176378?modelVersionId=2450841) (v1.0) `afterdark_z_image_turbo.safetensors`  \nLoRA strength: **0.10**\n\n[Download Lenovo UltraReal](https://civitai.com/models/1662740?modelVersionId=2452071) (v1.0 Z-Image Turbo) `lenovo_z.safetensors`  \nLoRA strength: **0.08**\n\n[Download psxZStyle - Photography Style Lora](https://civitai.com/models/2076522?modelVersionId=2456035) (v1.0 - ZIT) `psxZStyle_v1_ZIT.safetensors`  \nLoRA strength: **0.10**\n\n[Download 35mm Photo](https://civitai.com/models/660731?modelVersionId=2462523) (v0.1) `Z-TURBO_Photography_35mmPhoto_896.safetensors`  \nLoRA strength: **0.10**\n\n[Download Movie Wide Angle](https://civitai.com/models/2186574/movie-wide-angle-z-image-lora?modelVersionId=2462010) (v1.0) `movie_zimage_lora.safetensors`  \nLoRA strength: **0.08**\n\nThe order in which the LoRAs are loaded is also relevant. Different orders lead to different weighting calculations. \n\n## Installation\n\n### ComfyUI Manager Installation\n[https://github.com/ltdrdata/ComfyUI-Manager?tab=readme-ov-file#comfyui-manager](https://github.com/ltdrdata/ComfyUI-Manager?tab=readme-ov-file#comfyui-manager)\n\n### Installation of Missing Nodes\n\nMissing nodes in this workflow are highlighted in red. To install them, open the ComfyUI Manager and click the 'Install Missing Custom Nodes' button. \n\nAfter the installation, restart ComfyUI and refresh the browser page.\n\n \n## TL;DR\nCheck my Civitai profile for updates and other workflows: [https://civitai.com/user/ai839](https://civitai.com/user/ai839)\n\n\n\n\n\n"],"color":"#432","bgcolor":"#653"},{"id":529,"type":"CLIPTextEncode","pos":[10,60],"size":[600,360],"flags":{"collapsed":false,"pinned":true},"order":39,"mode":0,"inputs":[{"localized_name":"clip","name":"clip","type":"CLIP","link":1310},{"localized_name":"text","name":"text","type":"STRING","widget":{"name":"text"},"link":null}],"outputs":[{"localized_name":"CONDITIONING","name":"CONDITIONING","type":"CONDITIONING","links":[1281,1641,1652,1755]}],"title":"Positive Prompt","properties":{"cnr_id":"comfy-core","ver":"0.3.43","Node name for S&R":"CLIPTextEncode"},"widgets_values":["futuristic upper body photo of a 24yo woman with tousled colorful hair wearing satin blue sweater, serious face, big gems necklace, holding a white cat, garden behind window, flowers, fountain, oak, ambient, luxury furniture, cactus, monstera, aloe vera, carving rows ornaments, shadows, natural lighting, god rays"],"color":"#232","bgcolor":"#353"}],"links":[[888,365,0,8,1,"VAE"],[967,620,0,621,1,"IMAGE"],[1000,8,0,637,0,"IMAGE"],[1281,529,0,611,1,"CONDITIONING"],[1283,782,0,611,3,"LATENT"],[1296,611,0,8,0,"LATENT"],[1309,550,0,290,2,"CLIP"],[1310,290,1,529,0,"CLIP"],[1493,880,0,878,0,"*"],[1494,880,1,878,1,"*"],[1495,880,1,879,0,"*"],[1496,880,0,879,1,"*"],[1497,878,0,879,2,"BOOLEAN"],[1498,881,0,880,0,"IMAGE"],[1501,886,0,882,1,"INT"],[1502,886,1,882,2,"INT"],[1506,887,0,886,0,"IMAGE"],[1509,892,0,889,1,"SEEDVR2_DIT"],[1510,885,0,889,2,"SEEDVR2_VAE"],[1537,894,0,881,0,"IMAGE"],[1538,894,0,887,0,"IMAGE"],[1620,882,0,889,0,"IMAGE"],[1629,894,0,882,0,"IMAGE"],[1632,911,0,887,2,"FLOAT"],[1633,912,0,881,2,"FLOAT"],[1640,621,0,694,1,"IMAGE"],[1641,529,0,913,0,"CONDITIONING"],[1642,913,0,611,2,"CONDITIONING"],[1644,889,0,690,1,"IMAGE"],[1647,549,0,290,1,"MODEL"],[1648,921,0,922,0,"MODEL"],[1649,922,0,611,0,"MODEL"],[1650,290,0,921,0,"MODEL"],[1651,922,0,928,0,"MODEL"],[1652,529,0,928,1,"CONDITIONING"],[1653,913,0,928,2,"CONDITIONING"],[1654,611,0,928,3,"LATENT"],[1655,928,0,929,5,"LATENT"],[1657,365,0,930,1,"VAE"],[1658,929,0,930,0,"LATENT"],[1663,933,0,934,0,"INT"],[1665,934,0,889,4,"INT"],[1671,879,0,933,0,"INT"],[1675,889,0,941,0,"*"],[1677,930,0,942,0,"IMAGE"],[1678,8,0,942,1,"IMAGE"],[1679,942,0,941,1,"IMAGE"],[1680,941,0,620,0,"IMAGE"],[1681,941,0,621,0,"IMAGE"],[1682,941,0,694,0,"IMAGE"],[1691,947,0,894,0,"*"],[1692,947,0,690,0,"IMAGE"],[1710,289,0,290,0,"LORA_STACK"],[1732,8,0,927,0,"IMAGE"],[1741,968,0,971,6,"BBOX_DETECTOR"],[1742,967,0,971,7,"SAM_MODEL"],[1743,8,0,947,2,"IMAGE"],[1744,930,0,947,1,"IMAGE"],[1745,971,0,947,0,"IMAGE"],[1749,930,0,973,0,"IMAGE"],[1750,8,0,973,1,"IMAGE"],[1751,973,0,971,0,"IMAGE"],[1752,922,0,971,1,"MODEL"],[1753,290,1,971,2,"CLIP"],[1754,365,0,971,3,"VAE"],[1755,529,0,971,4,"CONDITIONING"],[1756,913,0,971,5,"CONDITIONING"],[1757,971,0,975,1,"IMAGE"],[1758,973,0,975,0,"IMAGE"],[1761,889,0,978,1,"IMAGE"],[1762,971,0,978,2,"IMAGE"],[1763,930,0,978,3,"IMAGE"],[1764,8,0,978,4,"IMAGE"],[1765,978,0,725,0,"IMAGE"],[1767,978,0,919,0,"IMAGE"],[1769,930,0,927,1,"IMAGE"],[1770,621,0,978,0,"IMAGE"],[1771,982,0,983,0,"*"],[1772,982,0,984,0,"*"],[1773,982,0,985,0,"*"],[1774,982,0,986,0,"*"],[1775,987,0,989,0,"*"],[1777,987,0,990,0,"*"],[1778,987,0,991,0,"*"],[1779,992,0,928,14,"INT"]],"groups":[{"id":1,"title":"⚙️ Image Generation Configuration","bounding":[-460,-70,1090,1440],"color":"#3f789e","font_size":24,"flags":{"pinned":true}},{"id":3,"title":"🖼️Preview: Start Image","bounding":[-460,1380,540,900],"color":"#3f789e","font_size":24,"flags":{"pinned":true}},{"id":10,"title":"🎞️Film Grain","bounding":[1740,990,540,380],"color":"#3f789e","font_size":24,"flags":{"pinned":true}},{"id":16,"title":"✨Preview: SeedVR2 Upscale","bounding":[1190,1380,540,900],"color":"#3f789e","font_size":24,"flags":{"pinned":true}},{"id":19,"title":"🎞️Preview: Film Grain","bounding":[1740,1380,540,900],"color":"#3f789e","font_size":24,"flags":{"pinned":true}},{"id":20,"title":"✨SeedVR2 Upscale","bounding":[1740,-70,1090,1050],"color":"#3f789e","font_size":24,"flags":{"pinned":true}},{"id":22,"title":"📂Save Final Image","bounding":[2400,990,430,380],"color":"#3f789e","font_size":24,"flags":{"pinned":true}},{"id":23,"title":"🏁Preview: Final Image","bounding":[2290,1380,540,900],"color":"#3f789e","font_size":24,"flags":{"pinned":true}},{"id":24,"title":"🚀SageAttention/Triton (bypass to deactivate)","bounding":[-460,-270,590,190],"color":"#3f789e","font_size":24,"flags":{"pinned":true}},{"id":25,"title":"💎Refiner","bounding":[640,-70,540,1440],"color":"#3f789e","font_size":24,"flags":{"pinned":true}},{"id":26,"title":"💎Preview: Refiner","bounding":[90,1380,540,900],"color":"#3f789e","font_size":24,"flags":{"pinned":true}},{"id":28,"title":"💎👀✨🎞️","bounding":[1190,-400,240,100],"color":"#444","font_size":24,"flags":{"pinned":true}},{"id":29,"title":"👀Face Refiner","bounding":[1190,-70,540,1440],"color":"#3f789e","font_size":24,"flags":{"pinned":true}},{"id":30,"title":"👀Preview: Face Refiner","bounding":[640,1380,540,900],"color":"#3f789e","font_size":24,"flags":{"pinned":true}},{"id":31,"title":"👀✨🎞️","bounding":[1440,-400,240,100],"color":"#444","font_size":24,"flags":{"pinned":true}}],"config":{},"extra":{"ds":{"scale":0.6830134553650705,"offset":[1409.0822909036247,-619.7678596604521]},"frontendVersion":"1.32.10","groupNodes":{},"node_versions":{"comfy-core":"0.3.14","ComfyUI_JPS-Nodes":"0e2a9aca02b17dde91577bfe4b65861df622dcaf","rgthree-comfy":"31b784bac495160436a8cd91bf1a856cf01a738e","ComfyUI_essentials":"33ff89fd354d8ec3ab6affb605a79a931b445d99","ComfyUI_UltimateSDUpscale":"ff3fdfeee03de46d4462211cffd165d27155e858"},"VHS_latentpreview":false,"VHS_latentpreviewrate":0,"VHS_MetadataImage":true,"VHS_KeepIntermediate":true},"version":0.4}