{"id":"4b34f5d8-a9b3-48df-b215-30609185d78d","revision":0,"last_node_id":118,"last_link_id":239,"nodes":[{"id":41,"type":"FluxResolutionNode","pos":[-857.1666297970082,-352.023058560892],"size":[274.5970153808594,214],"flags":{},"order":0,"mode":0,"inputs":[{"localized_name":"megapixel","name":"megapixel","type":"COMBO","widget":{"name":"megapixel"},"link":null},{"localized_name":"aspect_ratio","name":"aspect_ratio","type":"COMBO","widget":{"name":"aspect_ratio"},"link":null},{"localized_name":"divisible_by","name":"divisible_by","type":"COMBO","widget":{"name":"divisible_by"},"link":null},{"localized_name":"custom_ratio","name":"custom_ratio","type":"BOOLEAN","widget":{"name":"custom_ratio"},"link":null},{"localized_name":"custom_aspect_ratio","name":"custom_aspect_ratio","shape":7,"type":"STRING","widget":{"name":"custom_aspect_ratio"},"link":null}],"outputs":[{"localized_name":"width","name":"width","type":"INT","links":[62]},{"localized_name":"height","name":"height","type":"INT","links":[63]},{"localized_name":"resolution","name":"resolution","type":"STRING","links":null},{"localized_name":"preview","name":"preview","type":"IMAGE","links":null}],"properties":{"Node name for S&R":"FluxResolutionNode","cnr_id":"controlaltai-nodes","ver":"1.1.4","ue_properties":{"widget_ue_connectable":{},"input_ue_unconnectable":{},"version":"7.5.1"}},"widgets_values":["1.5","9:16 (Slim Vertical)","64",false,"1:1"]},{"id":43,"type":"ConditioningZeroOut","pos":[142.70402513659022,-205.078882928398],"size":[204.134765625,26],"flags":{"collapsed":true},"order":25,"mode":0,"inputs":[{"localized_name":"conditioning","name":"conditioning","type":"CONDITIONING","link":66}],"outputs":[{"localized_name":"CONDITIONING","name":"CONDITIONING","type":"CONDITIONING","links":[151]}],"properties":{"Node name for S&R":"ConditioningZeroOut","cnr_id":"comfy-core","ver":"0.3.75","ue_properties":{"widget_ue_connectable":{},"input_ue_unconnectable":{},"version":"7.5.1"}},"widgets_values":[]},{"id":53,"type":"Sigmas Rescale","pos":[496.85732233051414,-574.7014911948373],"size":[270,82],"flags":{},"order":24,"mode":0,"inputs":[{"localized_name":"sigmas","name":"sigmas","type":"SIGMAS","link":106},{"localized_name":"start","name":"start","type":"FLOAT","widget":{"name":"start"},"link":null},{"localized_name":"end","name":"end","type":"FLOAT","widget":{"name":"end"},"link":null}],"outputs":[{"localized_name":"sigmas_rescaled","name":"sigmas_rescaled","type":"SIGMAS","links":[107]}],"properties":{"Node name for S&R":"Sigmas Rescale","cnr_id":"res4lyf","ver":"81fe5f4d02c1a86d4cbb1ef92c652055f574810a","ue_properties":{"widget_ue_connectable":{},"version":"7.2.1","input_ue_unconnectable":{}},"enableTabs":false,"tabWidth":65,"tabXOffset":10,"hasSecondTab":false,"secondTabText":"Send Back","secondTabOffset":80,"secondTabWidth":65},"widgets_values":[0.996,0],"color":"#233","bgcolor":"#355"},{"id":54,"type":"BetaSamplingScheduler","pos":[491.19376616103307,-450.55335968247533],"size":[270,106],"flags":{},"order":21,"mode":0,"inputs":[{"localized_name":"model","name":"model","type":"MODEL","link":167},{"localized_name":"steps","name":"steps","type":"INT","widget":{"name":"steps"},"link":null},{"localized_name":"alpha","name":"alpha","type":"FLOAT","widget":{"name":"alpha"},"link":null},{"localized_name":"beta","name":"beta","type":"FLOAT","widget":{"name":"beta"},"link":null}],"outputs":[{"localized_name":"SIGMAS","name":"SIGMAS","type":"SIGMAS","links":[106]}],"properties":{"Node name for S&R":"BetaSamplingScheduler","cnr_id":"comfy-core","ver":"0.3.60","ue_properties":{"widget_ue_connectable":{},"version":"7.2.1","input_ue_unconnectable":{}},"enableTabs":false,"tabWidth":65,"tabXOffset":10,"hasSecondTab":false,"secondTabText":"Send Back","secondTabOffset":80,"secondTabWidth":65},"widgets_values":[20,0.39999999999999997,0.4],"color":"#233","bgcolor":"#355"},{"id":9,"type":"SaveImage","pos":[-1264.4319123657847,43.369543718210515],"size":[907.9955199999997,1012.0647000000001],"flags":{},"order":36,"mode":0,"inputs":[{"localized_name":"images","name":"images","type":"IMAGE","link":239},{"localized_name":"filename_prefix","name":"filename_prefix","type":"STRING","widget":{"name":"filename_prefix"},"link":null}],"outputs":[],"properties":{"Node name for S&R":"SaveImage","cnr_id":"comfy-core","ver":"0.3.75","ue_properties":{"widget_ue_connectable":{},"version":"7.5.1","input_ue_unconnectable":{}}},"widgets_values":["Z-Image/Z-Image"]},{"id":93,"type":"SeedVR2LoadDiTModel","pos":[487.43513348028387,-17.388740720674534],"size":[310,202],"flags":{},"order":1,"mode":4,"inputs":[{"label":"torch_compile_args","localized_name":"torch_compile_args","name":"torch_compile_args","shape":7,"type":"TORCH_COMPILE_ARGS","link":null},{"label":"model","localized_name":"model","name":"model","type":"COMBO","widget":{"name":"model"},"link":null},{"label":"device","localized_name":"device","name":"device","type":"COMBO","widget":{"name":"device"},"link":null},{"label":"blocks_to_swap","localized_name":"blocks_to_swap","name":"blocks_to_swap","shape":7,"type":"INT","widget":{"name":"blocks_to_swap"},"link":null},{"label":"swap_io_components","localized_name":"swap_io_components","name":"swap_io_components","shape":7,"type":"BOOLEAN","widget":{"name":"swap_io_components"},"link":null},{"label":"offload_device","localized_name":"offload_device","name":"offload_device","shape":7,"type":"COMBO","widget":{"name":"offload_device"},"link":null},{"label":"cache_model","localized_name":"cache_model","name":"cache_model","shape":7,"type":"BOOLEAN","widget":{"name":"cache_model"},"link":null},{"label":"attention_mode","localized_name":"attention_mode","name":"attention_mode","shape":7,"type":"COMBO","widget":{"name":"attention_mode"},"link":null}],"outputs":[{"label":"dit","localized_name":"SEEDVR2_DIT","name":"SEEDVR2_DIT","type":"SEEDVR2_DIT","links":[189]}],"properties":{"Node name for S&R":"SeedVR2LoadDiTModel","cnr_id":"seedvr2_videoupscaler","ver":"912ab4a5da8bb3590c4659f8f19160a7bd88a656","ue_properties":{"widget_ue_connectable":{},"input_ue_unconnectable":{},"version":"7.5.1"},"widget_ue_connectable":{"attention_mode":true,"swap_io_components":true,"cache_model":true,"offload_device":true,"model":true,"device":true,"blocks_to_swap":true},"ttNbgOverride":{"bgcolor":"#535","groupcolor":"#a1309b","color":"#323"}},"widgets_values":["seedvr2_ema_7b_fp16.safetensors","cuda:0",32,true,"cpu","flash_attn","sdpa"],"color":"#323","bgcolor":"#535"},{"id":96,"type":"SeedVR2LoadVAEModel","pos":[487.9893244140728,246.8617877041877],"size":[310,300],"flags":{},"order":2,"mode":4,"inputs":[{"label":"torch_compile_args","localized_name":"torch_compile_args","name":"torch_compile_args","shape":7,"type":"TORCH_COMPILE_ARGS","link":null},{"label":"model","localized_name":"model","name":"model","type":"COMBO","widget":{"name":"model"},"link":null},{"label":"device","localized_name":"device","name":"device","type":"COMBO","widget":{"name":"device"},"link":null},{"label":"encode_tiled","localized_name":"encode_tiled","name":"encode_tiled","shape":7,"type":"BOOLEAN","widget":{"name":"encode_tiled"},"link":null},{"label":"encode_tile_size","localized_name":"encode_tile_size","name":"encode_tile_size","shape":7,"type":"INT","widget":{"name":"encode_tile_size"},"link":null},{"label":"encode_tile_overlap","localized_name":"encode_tile_overlap","name":"encode_tile_overlap","shape":7,"type":"INT","widget":{"name":"encode_tile_overlap"},"link":null},{"label":"decode_tiled","localized_name":"decode_tiled","name":"decode_tiled","shape":7,"type":"BOOLEAN","widget":{"name":"decode_tiled"},"link":null},{"label":"decode_tile_size","localized_name":"decode_tile_size","name":"decode_tile_size","shape":7,"type":"INT","widget":{"name":"decode_tile_size"},"link":null},{"label":"decode_tile_overlap","localized_name":"decode_tile_overlap","name":"decode_tile_overlap","shape":7,"type":"INT","widget":{"name":"decode_tile_overlap"},"link":null},{"label":"tile_debug","localized_name":"tile_debug","name":"tile_debug","shape":7,"type":"COMBO","widget":{"name":"tile_debug"},"link":null},{"label":"offload_device","localized_name":"offload_device","name":"offload_device","shape":7,"type":"COMBO","widget":{"name":"offload_device"},"link":null},{"label":"cache_model","localized_name":"cache_model","name":"cache_model","shape":7,"type":"BOOLEAN","widget":{"name":"cache_model"},"link":null}],"outputs":[{"label":"vae","localized_name":"SEEDVR2_VAE","name":"SEEDVR2_VAE","type":"SEEDVR2_VAE","links":[190]}],"properties":{"Node name for S&R":"SeedVR2LoadVAEModel","cnr_id":"seedvr2_videoupscaler","ver":"912ab4a5da8bb3590c4659f8f19160a7bd88a656","ue_properties":{"widget_ue_connectable":{},"input_ue_unconnectable":{},"version":"7.5.1"},"widget_ue_connectable":{"encode_tiled":true,"encode_tile_overlap":true,"cache_model":true,"encode_tile_size":true,"decode_tiled":true,"decode_tile_size":true,"tile_debug":true,"offload_device":true,"model":true,"decode_tile_overlap":true,"device":true},"ttNbgOverride":{"bgcolor":"#535","groupcolor":"#a1309b","color":"#323"}},"widgets_values":["ema_vae_fp16.safetensors","cuda:0",true,1024,128,true,1024,128,"false","cpu",false],"color":"#323","bgcolor":"#535"},{"id":97,"type":"Image Comparer (rgthree)","pos":[472.54730763656954,601.827706680087],"size":[346.5179752518859,312.56835604742923],"flags":{},"order":35,"mode":4,"inputs":[{"dir":3,"name":"image_a","type":"IMAGE","link":238},{"dir":3,"name":"image_b","type":"IMAGE","link":null}],"outputs":[],"properties":{"comparer_mode":"Slide","cnr_id":"rgthree-comfy","ver":"eadc24ecc8bfc3c80fcc50724c0ebe74489f255b","ue_properties":{"widget_ue_connectable":{},"input_ue_unconnectable":{},"version":"7.5.1"}},"widgets_values":[[{"name":"A","selected":true,"url":"/api/view?filename=rgthree.compare._temp_qgkpb_00003_.png&type=temp&subfolder=&rand=0.5043069619537759"}]]},{"id":95,"type":"SeedVR2VideoUpscaler","pos":[844.3229636094532,172.73951990125374],"size":[343.1535339355469,598],"flags":{},"order":33,"mode":4,"inputs":[{"label":"image","localized_name":"image","name":"image","type":"IMAGE","link":188},{"label":"dit","localized_name":"dit","name":"dit","type":"SEEDVR2_DIT","link":189},{"label":"vae","localized_name":"vae","name":"vae","type":"SEEDVR2_VAE","link":190},{"label":"seed","localized_name":"seed","name":"seed","type":"INT","widget":{"name":"seed"},"link":null},{"label":"resolution","localized_name":"resolution","name":"resolution","type":"INT","widget":{"name":"resolution"},"link":null},{"label":"max_resolution","localized_name":"max_resolution","name":"max_resolution","type":"INT","widget":{"name":"max_resolution"},"link":null},{"label":"batch_size","localized_name":"batch_size","name":"batch_size","type":"INT","widget":{"name":"batch_size"},"link":null},{"label":"uniform_batch_size","localized_name":"uniform_batch_size","name":"uniform_batch_size","type":"BOOLEAN","widget":{"name":"uniform_batch_size"},"link":null},{"label":"color_correction","localized_name":"color_correction","name":"color_correction","type":"COMBO","widget":{"name":"color_correction"},"link":null},{"label":"temporal_overlap","localized_name":"temporal_overlap","name":"temporal_overlap","shape":7,"type":"INT","widget":{"name":"temporal_overlap"},"link":null},{"label":"prepend_frames","localized_name":"prepend_frames","name":"prepend_frames","shape":7,"type":"INT","widget":{"name":"prepend_frames"},"link":null},{"label":"input_noise_scale","localized_name":"input_noise_scale","name":"input_noise_scale","shape":7,"type":"FLOAT","widget":{"name":"input_noise_scale"},"link":null},{"label":"latent_noise_scale","localized_name":"latent_noise_scale","name":"latent_noise_scale","shape":7,"type":"FLOAT","widget":{"name":"latent_noise_scale"},"link":null},{"label":"offload_device","localized_name":"offload_device","name":"offload_device","shape":7,"type":"COMBO","widget":{"name":"offload_device"},"link":null},{"label":"enable_debug","localized_name":"enable_debug","name":"enable_debug","shape":7,"type":"BOOLEAN","widget":{"name":"enable_debug"},"link":null}],"outputs":[{"label":"image","localized_name":"IMAGE","name":"IMAGE","type":"IMAGE","links":[194]}],"properties":{"Node name for S&R":"SeedVR2VideoUpscaler","cnr_id":"seedvr2_videoupscaler","ver":"912ab4a5da8bb3590c4659f8f19160a7bd88a656","ue_properties":{"widget_ue_connectable":{},"input_ue_unconnectable":{},"version":"7.5.1"},"widget_ue_connectable":{"color_correction":true,"batch_size":true,"seed":true,"uniform_batch_size":true,"enable_debug":true,"latent_noise_scale":true,"prepend_frames":true,"offload_device":true,"temporal_overlap":true,"input_noise_scale":true,"resolution":true,"max_resolution":true},"ttNbgOverride":{"bgcolor":"#535","groupcolor":"#a1309b","color":"#323"}},"widgets_values":[3042974675,"randomize",2048,0,1,false,"lab",0,0,0,0,"cpu",false],"color":"#323","bgcolor":"#535"},{"id":100,"type":"Note","pos":[124.87955429814542,452.1140528699924],"size":[242.90095003135502,88],"flags":{},"order":3,"mode":0,"inputs":[],"outputs":[],"properties":{"ue_properties":{"widget_ue_connectable":{},"version":"7.5.2","input_ue_unconnectable":{}}},"widgets_values":["This node is paid and optional. It can safely be detleted"],"color":"#432","bgcolor":"#653"},{"id":8,"type":"VAEDecode","pos":[549.1432789098334,-259.9234680885987],"size":[210,46],"flags":{},"order":27,"mode":0,"inputs":[{"localized_name":"samples","name":"samples","type":"LATENT","link":109},{"localized_name":"vae","name":"vae","type":"VAE","link":161}],"outputs":[{"localized_name":"IMAGE","name":"IMAGE","type":"IMAGE","slot_index":0,"links":[230]}],"properties":{"Node name for S&R":"VAEDecode","cnr_id":"comfy-core","ver":"0.3.75","ue_properties":{"widget_ue_connectable":{},"version":"7.5.1","input_ue_unconnectable":{}}},"widgets_values":[]},{"id":33,"type":"CLIPTextEncode","pos":[-211.2473455063654,-275.0885898517229],"size":[623.2815834068298,137.6411442129213],"flags":{"collapsed":false},"order":23,"mode":0,"inputs":[{"localized_name":"clip","name":"clip","type":"CLIP","link":170},{"localized_name":"text","name":"text","type":"STRING","widget":{"name":"text"},"link":null}],"outputs":[{"localized_name":"CONDITIONING","name":"CONDITIONING","type":"CONDITIONING","slot_index":0,"links":[66]}],"title":"CLIP Text Encode (Negative Prompt)","properties":{"Node name for S&R":"CLIPTextEncode","cnr_id":"comfy-core","ver":"0.3.75","ue_properties":{"widget_ue_connectable":{},"version":"7.5.1","input_ue_unconnectable":{}}},"widgets_values":["fake, ugly, (high cheekbones, prominant cheekbones:1.3),  bad, shiny skin, plastic skin, oily skin, (painting, bokeh, illusration, drawing,cgi, watercolor, crayon:1.6), , (cartoon eyes,cinematic:1.3), 3d render, (teen, child:1.2), logos, nipple, areola, underboob, small breasts, sheer, see through, text,"],"color":"#322","bgcolor":"#533"},{"id":108,"type":"CLIPSetLastLayer","pos":[1659.4358963382037,133.7168451613918],"size":[270,58],"flags":{},"order":13,"mode":4,"inputs":[{"localized_name":"clip","name":"clip","type":"CLIP","link":203},{"localized_name":"stop_at_clip_layer","name":"stop_at_clip_layer","type":"INT","widget":{"name":"stop_at_clip_layer"},"link":null}],"outputs":[{"localized_name":"CLIP","name":"CLIP","type":"CLIP","links":[201,202,215]}],"properties":{"Node name for S&R":"CLIPSetLastLayer","cnr_id":"comfy-core","ver":"0.3.41","ue_properties":{"version":"7.5.1","widget_ue_connectable":{},"input_ue_unconnectable":{}}},"widgets_values":[-2]},{"id":102,"type":"FaceDetailerPipe","pos":[1760.7501290983348,-551.201455794082],"size":[531.7117697100084,837.0810701792961],"flags":{"collapsed":false},"order":28,"mode":4,"inputs":[{"localized_name":"image","name":"image","type":"IMAGE","link":230},{"localized_name":"detailer_pipe","name":"detailer_pipe","type":"DETAILER_PIPE","link":200},{"localized_name":"scheduler_func_opt","name":"scheduler_func_opt","shape":7,"type":"SCHEDULER_FUNC","link":null},{"localized_name":"guide_size","name":"guide_size","type":"FLOAT","widget":{"name":"guide_size"},"link":null},{"localized_name":"guide_size_for","name":"guide_size_for","type":"BOOLEAN","widget":{"name":"guide_size_for"},"link":null},{"localized_name":"max_size","name":"max_size","type":"FLOAT","widget":{"name":"max_size"},"link":null},{"localized_name":"seed","name":"seed","type":"INT","widget":{"name":"seed"},"link":null},{"localized_name":"steps","name":"steps","type":"INT","widget":{"name":"steps"},"link":null},{"localized_name":"cfg","name":"cfg","type":"FLOAT","widget":{"name":"cfg"},"link":null},{"localized_name":"sampler_name","name":"sampler_name","type":"COMBO","widget":{"name":"sampler_name"},"link":null},{"localized_name":"scheduler","name":"scheduler","type":"COMBO","widget":{"name":"scheduler"},"link":null},{"localized_name":"denoise","name":"denoise","type":"FLOAT","widget":{"name":"denoise"},"link":null},{"localized_name":"feather","name":"feather","type":"INT","widget":{"name":"feather"},"link":null},{"localized_name":"noise_mask","name":"noise_mask","type":"BOOLEAN","widget":{"name":"noise_mask"},"link":null},{"localized_name":"force_inpaint","name":"force_inpaint","type":"BOOLEAN","widget":{"name":"force_inpaint"},"link":null},{"localized_name":"bbox_threshold","name":"bbox_threshold","type":"FLOAT","widget":{"name":"bbox_threshold"},"link":null},{"localized_name":"bbox_dilation","name":"bbox_dilation","type":"INT","widget":{"name":"bbox_dilation"},"link":null},{"localized_name":"bbox_crop_factor","name":"bbox_crop_factor","type":"FLOAT","widget":{"name":"bbox_crop_factor"},"link":null},{"localized_name":"sam_detection_hint","name":"sam_detection_hint","type":"COMBO","widget":{"name":"sam_detection_hint"},"link":null},{"localized_name":"sam_dilation","name":"sam_dilation","type":"INT","widget":{"name":"sam_dilation"},"link":null},{"localized_name":"sam_threshold","name":"sam_threshold","type":"FLOAT","widget":{"name":"sam_threshold"},"link":null},{"localized_name":"sam_bbox_expansion","name":"sam_bbox_expansion","type":"INT","widget":{"name":"sam_bbox_expansion"},"link":null},{"localized_name":"sam_mask_hint_threshold","name":"sam_mask_hint_threshold","type":"FLOAT","widget":{"name":"sam_mask_hint_threshold"},"link":null},{"localized_name":"sam_mask_hint_use_negative","name":"sam_mask_hint_use_negative","type":"COMBO","widget":{"name":"sam_mask_hint_use_negative"},"link":null},{"localized_name":"drop_size","name":"drop_size","type":"INT","widget":{"name":"drop_size"},"link":null},{"localized_name":"refiner_ratio","name":"refiner_ratio","type":"FLOAT","widget":{"name":"refiner_ratio"},"link":null},{"localized_name":"cycle","name":"cycle","type":"INT","widget":{"name":"cycle"},"link":null},{"localized_name":"inpaint_model","name":"inpaint_model","shape":7,"type":"BOOLEAN","widget":{"name":"inpaint_model"},"link":null},{"localized_name":"noise_mask_feather","name":"noise_mask_feather","shape":7,"type":"INT","widget":{"name":"noise_mask_feather"},"link":null},{"localized_name":"tiled_encode","name":"tiled_encode","shape":7,"type":"BOOLEAN","widget":{"name":"tiled_encode"},"link":null},{"localized_name":"tiled_decode","name":"tiled_decode","shape":7,"type":"BOOLEAN","widget":{"name":"tiled_decode"},"link":null}],"outputs":[{"localized_name":"image","name":"image","type":"IMAGE","slot_index":0,"links":[228]},{"localized_name":"cropped_refined","name":"cropped_refined","shape":6,"type":"IMAGE","links":[]},{"localized_name":"cropped_enhanced_alpha","name":"cropped_enhanced_alpha","shape":6,"type":"IMAGE","links":[199]},{"localized_name":"mask","name":"mask","type":"MASK","links":null},{"localized_name":"detailer_pipe","name":"detailer_pipe","type":"DETAILER_PIPE","links":null},{"localized_name":"cnet_images","name":"cnet_images","shape":6,"type":"IMAGE","links":[]}],"title":"Eye Detailer","properties":{"Node name for S&R":"FaceDetailerPipe","cnr_id":"comfyui-impact-pack","ver":"c6056b132d7e155c3ece42b77e08ea45bde1bfef","ue_properties":{"version":"7.5.1","widget_ue_connectable":{},"input_ue_unconnectable":{}}},"widgets_values":[1280,true,1280,17980192486681,"randomize",20,2,"dpmpp_2m","karras",0.3,25,true,true,0.7000000000000002,104,3,"center-1",0,0.93,0,0.7,"False",10,0,1,false,20,false,false]},{"id":107,"type":"CheckpointLoaderSimple","pos":[1336.865476226331,-574.4789127813158],"size":[333.90011748179154,98],"flags":{},"order":4,"mode":4,"inputs":[{"localized_name":"ckpt_name","name":"ckpt_name","type":"COMBO","widget":{"name":"ckpt_name"},"link":null}],"outputs":[{"localized_name":"MODEL","name":"MODEL","type":"MODEL","links":[204,209,217,222]},{"localized_name":"CLIP","name":"CLIP","type":"CLIP","links":[203,205,210,218,223]},{"localized_name":"VAE","name":"VAE","type":"VAE","links":[206,219]}],"properties":{"Node name for S&R":"CheckpointLoaderSimple","cnr_id":"comfy-core","ver":"0.3.41","ue_properties":{"version":"7.5.1","widget_ue_connectable":{},"input_ue_unconnectable":{}}},"widgets_values":["analogMadnessSDXL_xl5.safetensors"]},{"id":106,"type":"UltralyticsDetectorProvider","pos":[1338.177145077641,-431.1150897988052],"size":[340.20001220703125,78],"flags":{"collapsed":false},"order":5,"mode":4,"inputs":[{"localized_name":"model_name","name":"model_name","type":"COMBO","widget":{"name":"model_name"},"link":null}],"outputs":[{"localized_name":"BBOX_DETECTOR","name":"BBOX_DETECTOR","type":"BBOX_DETECTOR","slot_index":0,"links":[213]},{"localized_name":"SEGM_DETECTOR","name":"SEGM_DETECTOR","type":"SEGM_DETECTOR","links":null}],"properties":{"Node name for S&R":"UltralyticsDetectorProvider","cnr_id":"comfyui-impact-subpack","ver":"74db20c95eca152a6d686c914edc0ef4e4762cb8","ue_properties":{"version":"7.5.1","widget_ue_connectable":{},"input_ue_unconnectable":{}}},"widgets_values":["bbox/PitEyeDetailer-v2-seg.pt"]},{"id":105,"type":"SAMLoader","pos":[1345.5212880767895,-303.03731869659924],"size":[332.51098449305664,83.38913298873456],"flags":{},"order":6,"mode":4,"inputs":[{"localized_name":"model_name","name":"model_name","type":"COMBO","widget":{"name":"model_name"},"link":null},{"localized_name":"device_mode","name":"device_mode","type":"COMBO","widget":{"name":"device_mode"},"link":null}],"outputs":[{"localized_name":"SAM_MODEL","name":"SAM_MODEL","type":"SAM_MODEL","links":[214]}],"properties":{"Node name for S&R":"SAMLoader","cnr_id":"comfyui-impact-pack","ver":"c6056b132d7e155c3ece42b77e08ea45bde1bfef","ue_properties":{"version":"7.5.1","widget_ue_connectable":{},"input_ue_unconnectable":{}}},"widgets_values":["sam_vit_b_01ec64.pth","AUTO"]},{"id":109,"type":"ToDetailerPipeSDXL","pos":[1349.0505601892778,-176.03723903325582],"size":[400,381],"flags":{"collapsed":true},"order":19,"mode":4,"inputs":[{"localized_name":"model","name":"model","type":"MODEL","link":204},{"localized_name":"clip","name":"clip","type":"CLIP","link":205},{"localized_name":"vae","name":"vae","type":"VAE","link":206},{"localized_name":"positive","name":"positive","type":"CONDITIONING","link":207},{"localized_name":"negative","name":"negative","type":"CONDITIONING","link":208},{"localized_name":"refiner_model","name":"refiner_model","type":"MODEL","link":209},{"localized_name":"refiner_clip","name":"refiner_clip","type":"CLIP","link":210},{"localized_name":"refiner_positive","name":"refiner_positive","type":"CONDITIONING","link":211},{"localized_name":"refiner_negative","name":"refiner_negative","type":"CONDITIONING","link":212},{"localized_name":"bbox_detector","name":"bbox_detector","type":"BBOX_DETECTOR","link":213},{"localized_name":"sam_model_opt","name":"sam_model_opt","shape":7,"type":"SAM_MODEL","link":214},{"localized_name":"segm_detector_opt","name":"segm_detector_opt","shape":7,"type":"SEGM_DETECTOR","link":null},{"localized_name":"detailer_hook","name":"detailer_hook","shape":7,"type":"DETAILER_HOOK","link":null},{"localized_name":"wildcard","name":"wildcard","type":"STRING","widget":{"name":"wildcard"},"link":null},{"localized_name":"Select to add LoRA","name":"Select to add LoRA","type":"COMBO","widget":{"name":"Select to add LoRA"},"link":null},{"localized_name":"Select to add Wildcard","name":"Select to add Wildcard","type":"COMBO","widget":{"name":"Select to add Wildcard"},"link":null}],"outputs":[{"localized_name":"detailer_pipe","name":"detailer_pipe","type":"DETAILER_PIPE","slot_index":0,"links":[200]}],"properties":{"Node name for S&R":"ToDetailerPipeSDXL","cnr_id":"comfyui-impact-pack","ver":"c6056b132d7e155c3ece42b77e08ea45bde1bfef","ue_properties":{"version":"7.5.1","widget_ue_connectable":{},"input_ue_unconnectable":{}}},"widgets_values":["","Select the LoRA to add to the text","Select Wildcard 🟢 Full Cache"]},{"id":104,"type":"CLIPTextEncode","pos":[1356.025788745915,36.672644133292806],"size":[383.0173645019531,202.68519592285156],"flags":{"collapsed":true},"order":16,"mode":4,"inputs":[{"localized_name":"clip","name":"clip","type":"CLIP","link":202},{"localized_name":"text","name":"text","type":"STRING","widget":{"name":"text"},"link":null}],"outputs":[{"localized_name":"CONDITIONING","name":"CONDITIONING","type":"CONDITIONING","links":[208,212,221,225]}],"properties":{"Node name for S&R":"CLIPTextEncode","cnr_id":"comfy-core","ver":"0.3.41","ue_properties":{"version":"7.5.1","widget_ue_connectable":{},"input_ue_unconnectable":{}}},"widgets_values":["cartoon, illustration, anime, painting, CGI, 3D render, low quality, watermark, logo, label"],"color":"#322","bgcolor":"#533"},{"id":113,"type":"UltralyticsDetectorProvider","pos":[2313.8378698931197,-440.55897493402097],"size":[340.20001220703125,78],"flags":{"collapsed":false},"order":7,"mode":4,"inputs":[{"localized_name":"model_name","name":"model_name","type":"COMBO","widget":{"name":"model_name"},"link":null}],"outputs":[{"localized_name":"BBOX_DETECTOR","name":"BBOX_DETECTOR","type":"BBOX_DETECTOR","slot_index":0,"links":[226]},{"localized_name":"SEGM_DETECTOR","name":"SEGM_DETECTOR","type":"SEGM_DETECTOR","links":null}],"properties":{"Node name for S&R":"UltralyticsDetectorProvider","cnr_id":"comfyui-impact-subpack","ver":"74db20c95eca152a6d686c914edc0ef4e4762cb8","ue_properties":{"version":"7.5.1","widget_ue_connectable":{},"input_ue_unconnectable":{}}},"widgets_values":["bbox/Nipples.pt"]},{"id":112,"type":"SAMLoader","pos":[2317.890070745979,-320.6633851475673],"size":[343.62404840293357,82],"flags":{},"order":8,"mode":4,"inputs":[{"localized_name":"model_name","name":"model_name","type":"COMBO","widget":{"name":"model_name"},"link":null},{"localized_name":"device_mode","name":"device_mode","type":"COMBO","widget":{"name":"device_mode"},"link":null}],"outputs":[{"localized_name":"SAM_MODEL","name":"SAM_MODEL","type":"SAM_MODEL","links":[227]}],"properties":{"Node name for S&R":"SAMLoader","cnr_id":"comfyui-impact-pack","ver":"c6056b132d7e155c3ece42b77e08ea45bde1bfef","ue_properties":{"version":"7.5.1","widget_ue_connectable":{},"input_ue_unconnectable":{}}},"widgets_values":["sam_vit_b_01ec64.pth","AUTO"]},{"id":115,"type":"FaceDetailerPipe","pos":[2675.994837757194,-560.3212892596375],"size":[497.42650559703316,851.8500020582658],"flags":{"collapsed":false},"order":29,"mode":4,"inputs":[{"localized_name":"image","name":"image","type":"IMAGE","link":228},{"localized_name":"detailer_pipe","name":"detailer_pipe","type":"DETAILER_PIPE","link":229},{"localized_name":"scheduler_func_opt","name":"scheduler_func_opt","shape":7,"type":"SCHEDULER_FUNC","link":null},{"localized_name":"guide_size","name":"guide_size","type":"FLOAT","widget":{"name":"guide_size"},"link":null},{"localized_name":"guide_size_for","name":"guide_size_for","type":"BOOLEAN","widget":{"name":"guide_size_for"},"link":null},{"localized_name":"max_size","name":"max_size","type":"FLOAT","widget":{"name":"max_size"},"link":null},{"localized_name":"seed","name":"seed","type":"INT","widget":{"name":"seed"},"link":null},{"localized_name":"steps","name":"steps","type":"INT","widget":{"name":"steps"},"link":null},{"localized_name":"cfg","name":"cfg","type":"FLOAT","widget":{"name":"cfg"},"link":null},{"localized_name":"sampler_name","name":"sampler_name","type":"COMBO","widget":{"name":"sampler_name"},"link":null},{"localized_name":"scheduler","name":"scheduler","type":"COMBO","widget":{"name":"scheduler"},"link":null},{"localized_name":"denoise","name":"denoise","type":"FLOAT","widget":{"name":"denoise"},"link":null},{"localized_name":"feather","name":"feather","type":"INT","widget":{"name":"feather"},"link":null},{"localized_name":"noise_mask","name":"noise_mask","type":"BOOLEAN","widget":{"name":"noise_mask"},"link":null},{"localized_name":"force_inpaint","name":"force_inpaint","type":"BOOLEAN","widget":{"name":"force_inpaint"},"link":null},{"localized_name":"bbox_threshold","name":"bbox_threshold","type":"FLOAT","widget":{"name":"bbox_threshold"},"link":null},{"localized_name":"bbox_dilation","name":"bbox_dilation","type":"INT","widget":{"name":"bbox_dilation"},"link":null},{"localized_name":"bbox_crop_factor","name":"bbox_crop_factor","type":"FLOAT","widget":{"name":"bbox_crop_factor"},"link":null},{"localized_name":"sam_detection_hint","name":"sam_detection_hint","type":"COMBO","widget":{"name":"sam_detection_hint"},"link":null},{"localized_name":"sam_dilation","name":"sam_dilation","type":"INT","widget":{"name":"sam_dilation"},"link":null},{"localized_name":"sam_threshold","name":"sam_threshold","type":"FLOAT","widget":{"name":"sam_threshold"},"link":null},{"localized_name":"sam_bbox_expansion","name":"sam_bbox_expansion","type":"INT","widget":{"name":"sam_bbox_expansion"},"link":null},{"localized_name":"sam_mask_hint_threshold","name":"sam_mask_hint_threshold","type":"FLOAT","widget":{"name":"sam_mask_hint_threshold"},"link":null},{"localized_name":"sam_mask_hint_use_negative","name":"sam_mask_hint_use_negative","type":"COMBO","widget":{"name":"sam_mask_hint_use_negative"},"link":null},{"localized_name":"drop_size","name":"drop_size","type":"INT","widget":{"name":"drop_size"},"link":null},{"localized_name":"refiner_ratio","name":"refiner_ratio","type":"FLOAT","widget":{"name":"refiner_ratio"},"link":null},{"localized_name":"cycle","name":"cycle","type":"INT","widget":{"name":"cycle"},"link":null},{"localized_name":"inpaint_model","name":"inpaint_model","shape":7,"type":"BOOLEAN","widget":{"name":"inpaint_model"},"link":null},{"localized_name":"noise_mask_feather","name":"noise_mask_feather","shape":7,"type":"INT","widget":{"name":"noise_mask_feather"},"link":null},{"localized_name":"tiled_encode","name":"tiled_encode","shape":7,"type":"BOOLEAN","widget":{"name":"tiled_encode"},"link":null},{"localized_name":"tiled_decode","name":"tiled_decode","shape":7,"type":"BOOLEAN","widget":{"name":"tiled_decode"},"link":null}],"outputs":[{"localized_name":"image","name":"image","type":"IMAGE","slot_index":0,"links":[231]},{"localized_name":"cropped_refined","name":"cropped_refined","shape":6,"type":"IMAGE","links":[]},{"localized_name":"cropped_enhanced_alpha","name":"cropped_enhanced_alpha","shape":6,"type":"IMAGE","links":[216]},{"localized_name":"mask","name":"mask","type":"MASK","links":null},{"localized_name":"detailer_pipe","name":"detailer_pipe","type":"DETAILER_PIPE","links":null},{"localized_name":"cnet_images","name":"cnet_images","shape":6,"type":"IMAGE","links":[]}],"properties":{"Node name for S&R":"FaceDetailerPipe","cnr_id":"comfyui-impact-pack","ver":"c6056b132d7e155c3ece42b77e08ea45bde1bfef","ue_properties":{"version":"7.5.1","widget_ue_connectable":{},"input_ue_unconnectable":{}}},"widgets_values":[1280,true,1280,763713292315856,"randomize",20,2,"dpmpp_2m","karras",0.6,25,true,true,0.7000000000000002,104,3,"center-1",0,0.93,0,0.7,"False",10,0,1,false,20,false,false]},{"id":114,"type":"ToDetailerPipeSDXL","pos":[2323.8472198156724,-195.56641275486587],"size":[400,381],"flags":{"collapsed":true},"order":20,"mode":4,"inputs":[{"localized_name":"model","name":"model","type":"MODEL","link":217},{"localized_name":"clip","name":"clip","type":"CLIP","link":218},{"localized_name":"vae","name":"vae","type":"VAE","link":219},{"localized_name":"positive","name":"positive","type":"CONDITIONING","link":220},{"localized_name":"negative","name":"negative","type":"CONDITIONING","link":221},{"localized_name":"refiner_model","name":"refiner_model","type":"MODEL","link":222},{"localized_name":"refiner_clip","name":"refiner_clip","type":"CLIP","link":223},{"localized_name":"refiner_positive","name":"refiner_positive","type":"CONDITIONING","link":224},{"localized_name":"refiner_negative","name":"refiner_negative","type":"CONDITIONING","link":225},{"localized_name":"bbox_detector","name":"bbox_detector","type":"BBOX_DETECTOR","link":226},{"localized_name":"sam_model_opt","name":"sam_model_opt","shape":7,"type":"SAM_MODEL","link":227},{"localized_name":"segm_detector_opt","name":"segm_detector_opt","shape":7,"type":"SEGM_DETECTOR","link":null},{"localized_name":"detailer_hook","name":"detailer_hook","shape":7,"type":"DETAILER_HOOK","link":null},{"localized_name":"wildcard","name":"wildcard","type":"STRING","widget":{"name":"wildcard"},"link":null},{"localized_name":"Select to add LoRA","name":"Select to add LoRA","type":"COMBO","widget":{"name":"Select to add LoRA"},"link":null},{"localized_name":"Select to add Wildcard","name":"Select to add Wildcard","type":"COMBO","widget":{"name":"Select to add Wildcard"},"link":null}],"outputs":[{"localized_name":"detailer_pipe","name":"detailer_pipe","type":"DETAILER_PIPE","slot_index":0,"links":[229]}],"properties":{"Node name for S&R":"ToDetailerPipeSDXL","cnr_id":"comfyui-impact-pack","ver":"c6056b132d7e155c3ece42b77e08ea45bde1bfef","ue_properties":{"version":"7.5.1","widget_ue_connectable":{},"input_ue_unconnectable":{}}},"widgets_values":["","Select the LoRA to add to the text","Select Wildcard 🟢 Full Cache"]},{"id":110,"type":"CLIPTextEncode","pos":[2324.538942037449,-154.011882829907],"size":[348.60207941681983,120],"flags":{},"order":17,"mode":4,"inputs":[{"localized_name":"clip","name":"clip","type":"CLIP","link":215},{"localized_name":"text","name":"text","type":"STRING","widget":{"name":"text"},"link":null}],"outputs":[{"localized_name":"CONDITIONING","name":"CONDITIONING","type":"CONDITIONING","links":[220,224]}],"title":"Fixed part of positive prompt","properties":{"Node name for S&R":"CLIPTextEncode","cnr_id":"comfy-core","ver":"0.3.39","ue_properties":{"version":"7.5.1","widget_ue_connectable":{},"input_ue_unconnectable":{}}},"widgets_values":["Detailed nipples, small nipples, small areolas"],"color":"#232","bgcolor":"#353"},{"id":111,"type":"PreviewImage","pos":[2329.671128405106,9.596131531944339],"size":[280,246],"flags":{},"order":32,"mode":4,"inputs":[{"localized_name":"images","name":"images","type":"IMAGE","link":216}],"outputs":[],"properties":{"Node name for S&R":"PreviewImage","cnr_id":"comfy-core","ver":"0.3.39","ue_properties":{"version":"7.5.1","widget_ue_connectable":{},"input_ue_unconnectable":{}}},"widgets_values":[]},{"id":99,"type":"Note","pos":[2328.3111712960654,283.1596997668961],"size":[242.90095003135502,88],"flags":{},"order":9,"mode":4,"inputs":[],"outputs":[],"properties":{"ue_properties":{"widget_ue_connectable":{},"version":"7.5.2","input_ue_unconnectable":{}}},"widgets_values":["Enable Preview Nodes to see if the Refiner is working"],"color":"#432","bgcolor":"#653"},{"id":103,"type":"CLIPTextEncode","pos":[1348.5938653815967,-127.81276131877051],"size":[327.7650845858011,108.8869360901233],"flags":{"collapsed":false},"order":15,"mode":4,"inputs":[{"localized_name":"clip","name":"clip","type":"CLIP","link":201},{"localized_name":"text","name":"text","type":"STRING","widget":{"name":"text"},"link":null}],"outputs":[{"localized_name":"CONDITIONING","name":"CONDITIONING","type":"CONDITIONING","links":[207,211]}],"title":"Fixed part of positive prompt","properties":{"Node name for S&R":"CLIPTextEncode","cnr_id":"comfy-core","ver":"0.3.39","ue_properties":{"version":"7.5.1","widget_ue_connectable":{},"input_ue_unconnectable":{}}},"widgets_values":["full body, realistic human skin, natural texture, detailed pores, soft shadows, high detail body anatomy, realistic lighting, natural proportions, photorealistic appearance, high resolution, subtle imperfections, fine skin detail, true-to-life color, realistic clothing folds and body shapes, \n"],"color":"#232","bgcolor":"#353"},{"id":94,"type":"ImageScaleBy","pos":[858.8367562987771,-4.972618178821163],"size":[310,82],"flags":{},"order":31,"mode":4,"inputs":[{"label":"image","localized_name":"image","name":"image","type":"IMAGE","link":231},{"label":"upscale_method","localized_name":"upscale_method","name":"upscale_method","type":"COMBO","widget":{"name":"upscale_method"},"link":null},{"label":"scale_by","localized_name":"scale_by","name":"scale_by","type":"FLOAT","widget":{"name":"scale_by"},"link":null}],"outputs":[{"label":"IMAGE","localized_name":"IMAGE","name":"IMAGE","type":"IMAGE","links":[188]}],"properties":{"Node name for S&R":"ImageScaleBy","cnr_id":"comfy-core","ver":"0.3.75","ue_properties":{"version":"7.5.1","widget_ue_connectable":{},"input_ue_unconnectable":{}}},"widgets_values":["lanczos",0.7],"color":"#323","bgcolor":"#535"},{"id":101,"type":"PreviewImage","pos":[1352.0193712369803,36.965515723195374],"size":[258.33058811322326,258],"flags":{},"order":30,"mode":4,"inputs":[{"localized_name":"images","name":"images","type":"IMAGE","link":199}],"outputs":[],"properties":{"Node name for S&R":"PreviewImage","cnr_id":"comfy-core","ver":"0.3.39","ue_properties":{"version":"7.5.1","widget_ue_connectable":{},"input_ue_unconnectable":{}}},"widgets_values":[]},{"id":79,"type":"FastFilmGrain","pos":[-209.55415330606098,89.03396414331309],"size":[240,106],"flags":{"collapsed":false},"order":34,"mode":0,"inputs":[{"localized_name":"images","name":"images","type":"IMAGE","link":194},{"localized_name":"grain_intensity","name":"grain_intensity","type":"FLOAT","widget":{"name":"grain_intensity"},"link":null},{"localized_name":"saturation_mix","name":"saturation_mix","type":"FLOAT","widget":{"name":"saturation_mix"},"link":null},{"localized_name":"batch_size","name":"batch_size","type":"INT","widget":{"name":"batch_size"},"link":null}],"outputs":[{"localized_name":"IMAGE","name":"IMAGE","type":"IMAGE","links":[195]}],"properties":{"aux_id":"vrgamegirl19/comfyui-vrgamedevgirl","ver":"0.1.0","Node name for S&R":"FastFilmGrain","ue_properties":{"version":"7.0.1","widget_ue_connectable":{}},"cnr_id":"comfyui-aspect-ratio-crop-node"},"widgets_values":[0.019,0.3,5],"color":"#233","bgcolor":"#355"},{"id":78,"type":"Fast Groups Bypasser (rgthree)","pos":[-1268.4162361361948,-359.52101534669396],"size":[379.1510945422235,346],"flags":{},"order":10,"mode":0,"inputs":[],"outputs":[{"name":"OPT_CONNECTION","type":"*","links":null}],"properties":{"matchColors":"","matchTitle":"","showNav":true,"showAllGraphs":true,"sort":"position","customSortAlphabet":"","toggleRestriction":"default","ue_properties":{"version":"7.5.1","widget_ue_connectable":{},"input_ue_unconnectable":{}}}},{"id":52,"type":"ClownsharKSampler_Beta","pos":[797.5132336972459,-581.5434160274792],"size":[416.0913973263441,460.1640806377027],"flags":{},"order":26,"mode":0,"inputs":[{"localized_name":"model","name":"model","shape":7,"type":"MODEL","link":168},{"localized_name":"positive","name":"positive","shape":7,"type":"CONDITIONING","link":152},{"localized_name":"negative","name":"negative","shape":7,"type":"CONDITIONING","link":151},{"localized_name":"latent_image","name":"latent_image","shape":7,"type":"LATENT","link":105},{"localized_name":"sigmas","name":"sigmas","shape":7,"type":"SIGMAS","link":107},{"localized_name":"guides","name":"guides","shape":7,"type":"GUIDES","link":null},{"localized_name":"options","name":"options","shape":7,"type":"OPTIONS","link":null},{"localized_name":"eta","name":"eta","type":"FLOAT","widget":{"name":"eta"},"link":null},{"localized_name":"sampler_name","name":"sampler_name","type":"COMBO","widget":{"name":"sampler_name"},"link":null},{"localized_name":"scheduler","name":"scheduler","type":"COMBO","widget":{"name":"scheduler"},"link":null},{"localized_name":"steps","name":"steps","type":"INT","widget":{"name":"steps"},"link":null},{"localized_name":"steps_to_run","name":"steps_to_run","type":"INT","widget":{"name":"steps_to_run"},"link":null},{"localized_name":"denoise","name":"denoise","type":"FLOAT","widget":{"name":"denoise"},"link":null},{"localized_name":"cfg","name":"cfg","type":"FLOAT","widget":{"name":"cfg"},"link":null},{"localized_name":"seed","name":"seed","type":"INT","widget":{"name":"seed"},"link":null},{"localized_name":"sampler_mode","name":"sampler_mode","type":"COMBO","widget":{"name":"sampler_mode"},"link":null},{"localized_name":"bongmath","name":"bongmath","type":"BOOLEAN","widget":{"name":"bongmath"},"link":null}],"outputs":[{"localized_name":"output","name":"output","type":"LATENT","links":[109]},{"localized_name":"denoised","name":"denoised","type":"LATENT","links":null},{"localized_name":"options","name":"options","type":"OPTIONS","links":[]}],"properties":{"Node name for S&R":"ClownsharKSampler_Beta","cnr_id":"RES4LYF","ver":"46de917234f9fef3f2ab411c41e07aa3c633f4f7","ue_properties":{"widget_ue_connectable":{},"input_ue_unconnectable":{},"version":"7.5.2"}},"widgets_values":[0.5,"exponential/res_4s_krogstad","beta57",32,-1,1,1,438091609898832,"fixed","standard",true]},{"id":76,"type":"a31d61bd-bb4c-4515-8dab-d693800b11bd","pos":[-1247.3243579140271,-586.8633448778684],"size":[332.8000000000004,148.19999999999993],"flags":{"collapsed":false},"order":11,"mode":0,"inputs":[{"name":"unet_name","type":"COMBO","widget":{"name":"unet_name"},"link":null},{"name":"clip_name","type":"COMBO","widget":{"name":"clip_name"},"link":null},{"name":"vae_name","type":"COMBO","widget":{"name":"vae_name"},"link":null}],"outputs":[{"localized_name":"CLIP","name":"CLIP","type":"CLIP","links":[236]},{"localized_name":"VAE","name":"VAE","type":"VAE","links":[161]},{"localized_name":"MODEL","name":"MODEL","type":"MODEL","links":[237]}],"properties":{"proxyWidgets":[["-1","unet_name"],["-1","clip_name"],["-1","vae_name"]],"cnr_id":"comfy-core","ver":"0.3.75","ue_properties":{"widget_ue_connectable":{},"input_ue_unconnectable":{},"version":"7.5.1"}},"widgets_values":["z_image_turbo_bf16.safetensors","qwen_3_4b.safetensors","ultraflux_vae.safetensors"],"color":"#000000","bgcolor":"#000000"},{"id":74,"type":"LoraLoader|pysssss","pos":[-548.1378468333073,-586.4818188448893],"size":[272.60421644353517,177.87117069156653],"flags":{},"order":18,"mode":0,"inputs":[{"localized_name":"model","name":"model","type":"MODEL","link":234},{"localized_name":"clip","name":"clip","type":"CLIP","link":235},{"localized_name":"lora_name","name":"lora_name","type":"COMBO","widget":{"name":"lora_name"},"link":null},{"localized_name":"strength_model","name":"strength_model","type":"FLOAT","widget":{"name":"strength_model"},"link":null},{"localized_name":"strength_clip","name":"strength_clip","type":"FLOAT","widget":{"name":"strength_clip"},"link":null},{"localized_name":"prompt","name":"prompt","shape":7,"type":"STRING","widget":{"name":"prompt"},"link":null}],"outputs":[{"localized_name":"MODEL","name":"MODEL","type":"MODEL","links":[167,168]},{"localized_name":"CLIP","name":"CLIP","type":"CLIP","links":[169,170]},{"localized_name":"example","name":"example","type":"STRING","links":null}],"properties":{"Node name for S&R":"LoraLoader|pysssss","cnr_id":"comfyui-custom-scripts","ver":"f2838ed5e59de4d73cde5c98354b87a8d3200190","ue_properties":{"widget_ue_connectable":{},"input_ue_unconnectable":{},"version":"7.5.2"}},"widgets_values":["Lina_Moreau_v2_1.safetensors",1,1,"","[none]"]},{"id":27,"type":"EmptySD3LatentImage","pos":[-574.4634625764562,-349.74510601889074],"size":[315,205.35473621000233],"flags":{},"order":12,"mode":0,"inputs":[{"localized_name":"width","name":"width","type":"INT","widget":{"name":"width"},"link":62},{"localized_name":"height","name":"height","type":"INT","widget":{"name":"height"},"link":63},{"localized_name":"batch_size","name":"batch_size","type":"INT","widget":{"name":"batch_size"},"link":null}],"outputs":[{"localized_name":"LATENT","name":"LATENT","type":"LATENT","slot_index":0,"links":[105]}],"properties":{"Node name for S&R":"EmptySD3LatentImage","cnr_id":"comfy-core","ver":"0.3.75","ue_properties":{"widget_ue_connectable":{},"version":"7.5.1","input_ue_unconnectable":{}}},"widgets_values":[1024,1024,1],"color":"#323","bgcolor":"#535"},{"id":118,"type":"LoraLoader|pysssss","pos":[-860.4627724649221,-587.1151813817269],"size":[272.60421644353517,194],"flags":{},"order":14,"mode":4,"inputs":[{"localized_name":"model","name":"model","type":"MODEL","link":237},{"localized_name":"clip","name":"clip","type":"CLIP","link":236},{"localized_name":"lora_name","name":"lora_name","type":"COMBO","widget":{"name":"lora_name"},"link":null},{"localized_name":"strength_model","name":"strength_model","type":"FLOAT","widget":{"name":"strength_model"},"link":null},{"localized_name":"strength_clip","name":"strength_clip","type":"FLOAT","widget":{"name":"strength_clip"},"link":null},{"localized_name":"prompt","name":"prompt","shape":7,"type":"STRING","widget":{"name":"prompt"},"link":null}],"outputs":[{"localized_name":"MODEL","name":"MODEL","type":"MODEL","links":[234]},{"localized_name":"CLIP","name":"CLIP","type":"CLIP","links":[235]},{"localized_name":"example","name":"example","type":"STRING","links":null}],"properties":{"Node name for S&R":"LoraLoader|pysssss","cnr_id":"comfyui-custom-scripts","ver":"f2838ed5e59de4d73cde5c98354b87a8d3200190","ue_properties":{"widget_ue_connectable":{},"input_ue_unconnectable":{},"version":"7.5.2"}},"widgets_values":["SonyAlpha_ZImage.safetensors",0.5,1,"","[none]"]},{"id":6,"type":"CLIPTextEncode","pos":[-219.17906645584097,-584.7374214306097],"size":[633.9820671738697,268.7229902609221],"flags":{"collapsed":false},"order":22,"mode":0,"inputs":[{"localized_name":"clip","name":"clip","type":"CLIP","link":169},{"localized_name":"text","name":"text","type":"STRING","widget":{"name":"text"},"link":null}],"outputs":[{"localized_name":"CONDITIONING","name":"CONDITIONING","type":"CONDITIONING","slot_index":0,"links":[152]}],"title":"CLIP Text Encode (Positive Prompt)","properties":{"Node name for S&R":"CLIPTextEncode","cnr_id":"comfy-core","ver":"0.3.75","ue_properties":{"widget_ue_connectable":{},"version":"7.5.1","input_ue_unconnectable":{}}},"widgets_values":["Using the provided reference photo as an immutable identity anchor, preserve the subject’s exact facial structure, proportions, bone structure, skin tone, body shape, height, weight distribution, and overall physical appearance with zero deviation; do not alter facial features, face shape, eyes, nose, lips, jawline, body proportions, or silhouette in any way; the subject must be 100% identical to the reference photo in face and body, with the only permitted change being clothing and environment, a photo of LinaMoreau,\n\n\n\n\n"],"color":"#232","bgcolor":"#353"}],"links":[[62,41,0,27,0,"INT"],[63,41,1,27,1,"INT"],[66,33,0,43,0,"CONDITIONING"],[105,27,0,52,3,"LATENT"],[106,54,0,53,0,"SIGMAS"],[107,53,0,52,4,"SIGMAS"],[109,52,0,8,0,"LATENT"],[146,44,0,73,0,"MODEL"],[148,44,0,70,0,"MODEL"],[151,43,0,52,2,"CONDITIONING"],[152,6,0,52,1,"CONDITIONING"],[161,76,1,8,1,"VAE"],[167,74,0,54,0,"MODEL"],[168,74,0,52,0,"MODEL"],[169,74,1,6,0,"CLIP"],[170,74,1,33,0,"CLIP"],[188,94,0,95,0,"IMAGE"],[189,93,0,95,1,"SEEDVR2_DIT"],[190,96,0,95,2,"SEEDVR2_VAE"],[194,95,0,79,0,"IMAGE"],[199,102,2,101,0,"IMAGE"],[200,109,0,102,1,"DETAILER_PIPE"],[201,108,0,103,0,"CLIP"],[202,108,0,104,0,"CLIP"],[203,107,1,108,0,"CLIP"],[204,107,0,109,0,"MODEL"],[205,107,1,109,1,"CLIP"],[206,107,2,109,2,"VAE"],[207,103,0,109,3,"CONDITIONING"],[208,104,0,109,4,"CONDITIONING"],[209,107,0,109,5,"MODEL"],[210,107,1,109,6,"CLIP"],[211,103,0,109,7,"CONDITIONING"],[212,104,0,109,8,"CONDITIONING"],[213,106,0,109,9,"BBOX_DETECTOR"],[214,105,0,109,10,"SAM_MODEL"],[215,108,0,110,0,"CLIP"],[216,115,2,111,0,"IMAGE"],[217,107,0,114,0,"MODEL"],[218,107,1,114,1,"CLIP"],[219,107,2,114,2,"VAE"],[220,110,0,114,3,"CONDITIONING"],[221,104,0,114,4,"CONDITIONING"],[222,107,0,114,5,"MODEL"],[223,107,1,114,6,"CLIP"],[224,110,0,114,7,"CONDITIONING"],[225,104,0,114,8,"CONDITIONING"],[226,113,0,114,9,"BBOX_DETECTOR"],[227,112,0,114,10,"SAM_MODEL"],[228,102,0,115,0,"IMAGE"],[229,114,0,115,1,"DETAILER_PIPE"],[230,8,0,102,0,"IMAGE"],[231,115,0,94,0,"IMAGE"],[234,118,0,74,0,"MODEL"],[235,118,1,74,1,"CLIP"],[236,76,0,118,1,"CLIP"],[237,76,2,118,0,"MODEL"],[238,79,0,97,0,"IMAGE"],[239,79,0,9,0,"IMAGE"]],"groups":[{"id":1,"title":"Step 1: Load Model, Clip, VAE","bounding":[-1257.2356576367015,-658.1930804574197,356.20891348966313,252.9671307917306],"color":"#3f789e","font_size":24,"flags":{}},{"id":2,"title":"Step 2: Resolution & Lora","bounding":[-869.4109190646177,-654.1391633294887,619.7135268051903,528.6334954910512],"color":"#3f789e","font_size":24,"flags":{}},{"id":3,"title":"Step 3: Prompts","bounding":[-229.6954322846517,-653.702155938634,657.3671821122498,530.3293329192232],"color":"#3f789e","font_size":24,"flags":{}},{"id":4,"title":"Step 4: Sampling","bounding":[446.60683478482787,-650.1214599058792,785.1285286537368,537.7207730740909],"color":"#3f789e","font_size":24,"flags":{}},{"id":6,"title":"Step 6: Upscaling SeedVR2 & Compare","bounding":[452.71268941031764,-90.91561623190205,782.9781482631859,1038.649379095466],"color":"#8AA","font_size":24,"flags":{}},{"id":7,"title":"Step 7: Image Filters","bounding":[-240.00529053814842,13.298931134898737,640.2016232312171,622.4787816351202],"color":"#3f789e","font_size":24,"flags":{}},{"id":8,"title":"Step 5: SDXL Refiner","bounding":[1317.8685703755098,-645.3804329836671,1951.6078733659822,1019.341958613583],"color":"#444","font_size":24,"flags":{}}],"definitions":{"subgraphs":[{"id":"a31d61bd-bb4c-4515-8dab-d693800b11bd","version":1,"state":{"lastGroupId":2,"lastNodeId":38,"lastLinkId":68,"lastRerouteId":0},"revision":0,"config":{},"name":"Z Image Turbo Load Models","inputNode":{"id":-10,"bounding":[-241.67975194047617,-233.94143462183035,120,100]},"outputNode":{"id":-20,"bounding":[286.14093244877637,-264.95232559382504,120,100]},"inputs":[{"id":"3e61af91-20f6-4bc0-90d3-714a54efffd1","name":"unet_name","type":"COMBO","linkIds":[64],"pos":[-141.67975194047617,-213.94143462183035]},{"id":"15e38f7e-b1a1-42f6-9043-88039bec2e28","name":"clip_name","type":"COMBO","linkIds":[65],"pos":[-141.67975194047617,-193.94143462183035]},{"id":"edd6717c-9964-4e67-8d7f-6e24ae0eb038","name":"vae_name","type":"COMBO","linkIds":[66],"pos":[-141.67975194047617,-173.94143462183035]}],"outputs":[{"id":"06d7ccd7-932f-4167-81c9-302997ff7870","name":"CLIP","type":"CLIP","linkIds":[43,44],"localized_name":"CLIP","pos":[306.14093244877637,-244.95232559382504]},{"id":"aff70dde-03a9-4b21-a5e6-dad34c7b37d4","name":"VAE","type":"VAE","linkIds":[45],"localized_name":"VAE","pos":[306.14093244877637,-224.95232559382504]},{"id":"8b469ef7-f233-42f7-9cc7-3e88291a1866","name":"MODEL","type":"MODEL","linkIds":[62],"localized_name":"MODEL","pos":[306.14093244877637,-204.95232559382504]}],"widgets":[],"nodes":[{"id":18,"type":"CLIPLoader","pos":[-45,-240],"size":[270,106],"flags":{},"order":2,"mode":0,"inputs":[{"localized_name":"clip_name","name":"clip_name","type":"COMBO","widget":{"name":"clip_name"},"link":65},{"localized_name":"type","name":"type","type":"COMBO","widget":{"name":"type"},"link":null},{"localized_name":"device","name":"device","shape":7,"type":"COMBO","widget":{"name":"device"},"link":null}],"outputs":[{"localized_name":"CLIP","name":"CLIP","type":"CLIP","links":[43,44]}],"properties":{"Node name for S&R":"CLIPLoader","cnr_id":"comfy-core","ver":"0.3.75","ue_properties":{"widget_ue_connectable":{},"version":"7.5.1","input_ue_unconnectable":{}}},"widgets_values":["qwen_3_4b.safetensors","lumina2","default"],"color":"#000000","bgcolor":"#000000"},{"id":17,"type":"VAELoader","pos":[-45,-100],"size":[270,58],"flags":{},"order":1,"mode":0,"inputs":[{"localized_name":"vae_name","name":"vae_name","type":"COMBO","widget":{"name":"vae_name"},"link":66}],"outputs":[{"localized_name":"VAE","name":"VAE","type":"VAE","links":[45]}],"properties":{"Node name for S&R":"VAELoader","cnr_id":"comfy-core","ver":"0.3.75","ue_properties":{"widget_ue_connectable":{},"version":"7.5.1","input_ue_unconnectable":{}}},"widgets_values":["ultraflux_vae.safetensors"],"color":"#000000","bgcolor":"#000000"},{"id":16,"type":"UNETLoader","pos":[-45,-355],"size":[270,82],"flags":{},"order":0,"mode":0,"inputs":[{"localized_name":"unet_name","name":"unet_name","type":"COMBO","widget":{"name":"unet_name"},"link":64},{"localized_name":"weight_dtype","name":"weight_dtype","type":"COMBO","widget":{"name":"weight_dtype"},"link":null}],"outputs":[{"localized_name":"MODEL","name":"MODEL","type":"MODEL","links":[62]}],"properties":{"Node name for S&R":"UNETLoader","cnr_id":"comfy-core","ver":"0.3.75","ue_properties":{"widget_ue_connectable":{},"version":"7.5.1","input_ue_unconnectable":{}}},"widgets_values":["z_image_turbo_bf16.safetensors","default"],"color":"#000000","bgcolor":"#000000"}],"groups":[],"links":[{"id":43,"origin_id":18,"origin_slot":0,"target_id":-20,"target_slot":0,"type":"CLIP"},{"id":44,"origin_id":18,"origin_slot":0,"target_id":-20,"target_slot":0,"type":"CLIP"},{"id":45,"origin_id":17,"origin_slot":0,"target_id":-20,"target_slot":1,"type":"VAE"},{"id":62,"origin_id":16,"origin_slot":0,"target_id":-20,"target_slot":2,"type":"MODEL"},{"id":64,"origin_id":-10,"origin_slot":0,"target_id":16,"target_slot":0,"type":"COMBO"},{"id":65,"origin_id":-10,"origin_slot":1,"target_id":18,"target_slot":0,"type":"COMBO"},{"id":66,"origin_id":-10,"origin_slot":2,"target_id":17,"target_slot":0,"type":"COMBO"}],"extra":{"ue_links":[],"links_added_by_ue":[],"workflowRendererVersion":"LG"}}]},"config":{},"extra":{"workflowRendererVersion":"LG","frontendVersion":"1.32.10","VHS_latentpreview":false,"VHS_latentpreviewrate":0,"VHS_MetadataImage":true,"VHS_KeepIntermediate":true,"ue_links":[],"links_added_by_ue":[],"ds":{"scale":0.573701890562331,"offset":[1332.1198769163584,1010.388800065538]}},"version":0.4}